,id,season,city,date,team1,team2,toss_winner,toss_decision,result,dl_applied,winner,win_by_runs,win_by_wickets,player_of_match,venue,team1_win,team1_toss_win,team1_bat
0,1,2017,Hyderabad,2017-04-05,13,12,12,field,normal,0,13,35,0,Yuvraj Singh,28,1.0,0.0,1
1,2,2017,Pune,2017-04-06,8,11,11,field,normal,0,11,0,7,SPD Smith,21,0.0,0.0,1
2,3,2017,Rajkot,2017-04-07,4,7,7,field,normal,0,7,0,10,CA Lynn,31,0.0,0.0,1
3,4,2017,Indore,2017-04-08,11,5,5,field,normal,0,5,0,6,GJ Maxwell,13,0.0,0.0,1
4,5,2017,Bangalore,2017-04-08,12,3,12,bat,normal,0,12,15,0,KM Jadhav,17,1.0,1.0,1
5,6,2017,Hyderabad,2017-04-09,4,13,13,field,normal,0,13,0,9,Rashid Khan,28,0.0,0.0,1
6,7,2017,Mumbai,2017-04-09,7,8,8,field,normal,0,8,0,4,N Rana,40,0.0,0.0,1
7,8,2017,Indore,2017-04-10,12,5,12,bat,normal,0,5,0,8,AR Patel,13,0.0,1.0,1
8,9,2017,Pune,2017-04-11,3,11,11,field,normal,0,3,97,0,SV Samson,21,1.0,0.0,1
9,10,2017,Mumbai,2017-04-12,13,8,8,field,normal,0,8,0,4,JJ Bumrah,40,0.0,0.0,1
10,11,2017,Kolkata,2017-04-13,5,7,7,field,normal,0,7,0,8,SP Narine,8,0.0,0.0,1
11,12,2017,Bangalore,2017-04-14,12,8,8,field,normal,0,8,0,4,KA Pollard,17,0.0,0.0,1
12,13,2017,Rajkot,2017-04-14,11,4,4,field,normal,0,4,0,7,AJ Tye,31,0.0,0.0,1
13,14,2017,Kolkata,2017-04-15,7,13,13,field,normal,0,7,17,0,RV Uthappa,8,1.0,0.0,1
14,15,2017,Delhi,2017-04-15,3,5,3,bat,normal,0,3,51,0,CJ Anderson,9,1.0,1.0,1
15,16,2017,Mumbai,2017-04-16,4,8,8,field,normal,0,8,0,6,N Rana,40,0.0,0.0,1
16,17,2017,Bangalore,2017-04-16,11,12,12,field,normal,0,11,27,0,BA Stokes,17,1.0,0.0,1
17,18,2017,Delhi,2017-04-17,3,7,3,bat,normal,0,7,0,4,NM Coulter-Nile,9,0.0,1.0,1
18,19,2017,Hyderabad,2017-04-17,13,5,5,field,normal,0,13,5,0,B Kumar,28,1.0,0.0,1
19,20,2017,Rajkot,2017-04-18,12,4,4,field,normal,0,12,21,0,CH Gayle,31,1.0,0.0,1
20,21,2017,Hyderabad,2017-04-19,13,3,13,bat,normal,0,13,15,0,KS Williamson,28,1.0,1.0,1
21,22,2017,Indore,2017-04-20,5,8,8,field,normal,0,8,0,8,JC Buttler,13,0.0,0.0,1
22,23,2017,Kolkata,2017-04-21,7,4,4,field,normal,0,4,0,4,SK Raina,8,0.0,0.0,1
23,24,2017,Mumbai,2017-04-22,8,3,3,field,normal,0,8,14,0,MJ McClenaghan,40,1.0,0.0,1
24,25,2017,Pune,2017-04-22,13,11,11,field,normal,0,11,0,6,MS Dhoni,21,0.0,0.0,1
25,26,2017,Rajkot,2017-04-23,5,4,4,field,normal,0,5,26,0,HM Amla,31,1.0,0.0,1
26,27,2017,Kolkata,2017-04-23,7,12,12,field,normal,0,7,82,0,NM Coulter-Nile,8,1.0,0.0,1
27,28,2017,Mumbai,2017-04-24,11,8,8,field,normal,0,11,3,0,BA Stokes,40,1.0,0.0,1
28,29,2017,Pune,2017-04-26,11,7,7,field,normal,0,7,0,7,RV Uthappa,21,0.0,0.0,1
29,30,2017,Bangalore,2017-04-27,12,4,4,field,normal,0,4,0,7,AJ Tye,17,0.0,0.0,1
30,31,2017,Kolkata,2017-04-28,3,7,7,field,normal,0,7,0,7,G Gambhir,8,0.0,0.0,1
31,32,2017,Chandigarh,2017-04-28,13,5,5,field,normal,0,13,26,0,Rashid Khan,26,1.0,0.0,1
32,33,2017,Pune,2017-04-29,11,12,12,field,normal,0,11,61,0,LH Ferguson,21,1.0,0.0,1
33,34,2017,Rajkot,2017-04-29,4,8,4,bat,tie,0,8,0,0,KH Pandya,31,0.0,1.0,1
34,35,2017,Chandigarh,2017-04-30,3,5,5,field,normal,0,5,0,10,Sandeep Sharma,26,0.0,0.0,1
35,36,2017,Hyderabad,2017-04-30,13,7,7,field,normal,0,13,48,0,DA Warner,28,1.0,0.0,1
36,37,2017,Mumbai,2017-05-01,12,8,12,bat,normal,0,8,0,5,RG Sharma,40,0.0,1.0,1
37,38,2017,Pune,2017-05-01,4,11,11,field,normal,0,11,0,5,BA Stokes,21,0.0,0.0,1
38,39,2017,Delhi,2017-05-02,13,3,3,field,normal,0,3,0,6,Mohammed Shami,9,0.0,0.0,1
39,40,2017,Kolkata,2017-05-03,7,11,11,field,normal,0,11,0,4,RA Tripathi,8,0.0,0.0,1
40,41,2017,Delhi,2017-05-04,4,3,3,field,normal,0,3,0,7,RR Pant,9,0.0,0.0,1
41,42,2017,Bangalore,2017-05-05,5,12,12,field,normal,0,5,19,0,Sandeep Sharma,17,1.0,0.0,1
42,43,2017,Hyderabad,2017-05-06,11,13,13,field,normal,0,11,12,0,JD Unadkat,28,1.0,0.0,1
43,44,2017,Delhi,2017-05-06,8,3,3,field,normal,0,8,146,0,LMP Simmons,9,1.0,0.0,1
44,45,2017,Bangalore,2017-05-07,12,7,7,field,normal,0,7,0,6,SP Narine,17,0.0,0.0,1
45,46,2017,Chandigarh,2017-05-07,5,4,4,field,normal,0,4,0,6,DR Smith,26,0.0,0.0,1
46,47,2017,Hyderabad,2017-05-08,8,13,8,bat,normal,0,13,0,7,S Dhawan,28,0.0,1.0,1
47,48,2017,Chandigarh,2017-05-09,5,7,7,field,normal,0,5,14,0,MM Sharma,26,1.0,0.0,1
48,49,2017,Kanpur,2017-05-10,4,3,3,field,normal,0,3,0,2,SS Iyer,11,0.0,0.0,1
49,50,2017,Mumbai,2017-05-11,5,8,8,field,normal,0,5,7,0,WP Saha,40,1.0,0.0,1
50,51,2017,Delhi,2017-05-12,3,11,3,bat,normal,0,3,7,0,KK Nair,9,1.0,1.0,1
51,52,2017,Kanpur,2017-05-13,4,13,13,field,normal,0,13,0,8,Mohammed Siraj,11,0.0,0.0,1
52,53,2017,Kolkata,2017-05-13,8,7,7,field,normal,0,8,9,0,AT Rayudu,8,1.0,0.0,1
53,54,2017,Pune,2017-05-14,5,11,11,field,normal,0,11,0,9,JD Unadkat,21,0.0,0.0,1
54,55,2017,Delhi,2017-05-14,12,3,12,bat,normal,0,12,10,0,HV Patel,9,1.0,1.0,1
55,56,2017,Mumbai,2017-05-16,11,8,8,field,normal,0,11,20,0,Washington Sundar,40,1.0,0.0,1
56,57,2017,Bangalore,2017-05-17,13,7,7,field,normal,1,7,0,7,NM Coulter-Nile,17,0.0,0.0,1
57,58,2017,Bangalore,2017-05-19,7,8,8,field,normal,0,8,0,6,KV Sharma,17,0.0,0.0,1
58,59,2017,Hyderabad,2017-05-21,8,11,8,bat,normal,0,8,1,0,KH Pandya,28,1.0,1.0,1
59,60,2008,Bangalore,2008-04-18,7,12,12,field,normal,0,7,140,0,BB McCullum,17,1.0,0.0,1
60,61,2008,Chandigarh,2008-04-19,0,5,0,bat,normal,0,0,33,0,MEK Hussey,27,1.0,1.0,1
61,62,2008,Delhi,2008-04-19,10,3,10,bat,normal,0,3,0,9,MF Maharoof,9,0.0,1.0,1
62,63,2008,Mumbai,2008-04-20,8,12,8,bat,normal,0,12,0,5,MV Boucher,40,0.0,1.0,1
63,64,2008,Kolkata,2008-04-20,1,7,1,bat,normal,0,7,0,5,DJ Hussey,8,0.0,1.0,1
64,65,2008,Jaipur,2008-04-21,5,10,5,bat,normal,0,10,0,6,SR Watson,32,0.0,1.0,1
65,66,2008,Hyderabad,2008-04-22,1,3,1,bat,normal,0,3,0,9,V Sehwag,28,0.0,1.0,1
66,67,2008,Chennai,2008-04-23,0,8,8,field,normal,0,0,6,0,ML Hayden,20,1.0,0.0,1
67,68,2008,Hyderabad,2008-04-24,1,10,10,field,normal,0,10,0,3,YK Pathan,28,0.0,0.0,1
68,69,2008,Chandigarh,2008-04-25,5,8,8,field,normal,0,5,66,0,KC Sangakkara,27,1.0,0.0,1
69,70,2008,Bangalore,2008-04-26,12,10,10,field,normal,0,10,0,7,SR Watson,17,0.0,0.0,1
70,71,2008,Chennai,2008-04-26,7,0,7,bat,normal,0,0,0,9,JDP Oram,20,0.0,1.0,1
71,72,2008,Mumbai,2008-04-27,8,1,1,field,normal,0,1,0,10,AC Gilchrist,5,0.0,0.0,1
72,73,2008,Chandigarh,2008-04-27,3,5,3,bat,normal,0,5,0,4,SM Katich,27,0.0,1.0,1
73,74,2008,Bangalore,2008-04-28,0,12,0,bat,normal,0,0,13,0,MS Dhoni,17,1.0,1.0,1
74,75,2008,Kolkata,2008-04-29,7,8,7,bat,normal,0,8,0,7,ST Jayasuriya,8,0.0,1.0,1
75,76,2008,Delhi,2008-04-30,3,12,12,field,normal,0,3,10,0,GD McGrath,9,1.0,0.0,1
76,77,2008,Hyderabad,2008-05-01,1,5,5,field,normal,0,5,0,7,SE Marsh,28,0.0,0.0,1
77,78,2008,Jaipur,2008-05-01,10,7,10,bat,normal,0,10,45,0,SA Asnodkar,32,1.0,1.0,1
78,79,2008,Chennai,2008-05-02,0,3,0,bat,normal,0,3,0,8,V Sehwag,20,0.0,1.0,1
79,80,2008,Hyderabad,2008-05-25,1,12,1,bat,normal,0,12,0,5,R Vinay Kumar,28,0.0,1.0,1
80,81,2008,Chandigarh,2008-05-03,5,7,5,bat,normal,0,5,9,0,IK Pathan,27,1.0,1.0,1
81,82,2008,Mumbai,2008-05-04,8,3,3,field,normal,0,8,29,0,SM Pollock,5,1.0,0.0,1
82,83,2008,Jaipur,2008-05-04,0,10,0,bat,normal,0,10,0,8,Sohail Tanvir,32,0.0,1.0,1
83,84,2008,Bangalore,2008-05-05,12,5,5,field,normal,0,5,0,6,S Sreesanth,17,0.0,0.0,1
84,85,2008,Chennai,2008-05-06,0,1,1,field,normal,0,1,0,7,AC Gilchrist,20,0.0,0.0,1
85,86,2008,Mumbai,2008-05-07,10,8,8,field,normal,0,8,0,7,A Nehra,5,0.0,0.0,1
86,87,2008,Delhi,2008-05-08,3,0,0,field,normal,0,0,0,4,MS Dhoni,9,0.0,0.0,1
87,88,2008,Kolkata,2008-05-08,7,12,7,bat,normal,0,7,5,0,SC Ganguly,8,1.0,1.0,1
88,89,2008,Jaipur,2008-05-09,1,10,10,field,normal,0,10,0,8,YK Pathan,32,0.0,0.0,1
89,90,2008,Bangalore,2008-05-28,12,8,8,field,normal,0,8,0,9,CRD Fernando,17,0.0,0.0,1
90,91,2008,Chennai,2008-05-10,0,5,5,field,normal,0,0,18,0,L Balaji,20,1.0,0.0,1
91,92,2008,Hyderabad,2008-05-11,7,1,7,bat,normal,0,7,23,0,SC Ganguly,28,1.0,1.0,1
92,93,2008,Jaipur,2008-05-11,3,10,10,field,normal,0,10,0,3,SR Watson,32,0.0,0.0,1
93,94,2008,Chandigarh,2008-05-12,12,5,12,bat,normal,0,5,0,9,SE Marsh,27,0.0,1.0,1
94,95,2008,Kolkata,2008-05-13,7,3,7,bat,normal,0,7,23,0,Shoaib Akhtar,8,1.0,1.0,1
95,96,2008,Mumbai,2008-05-14,0,8,8,field,normal,0,8,0,9,ST Jayasuriya,40,0.0,0.0,1
96,97,2008,Chandigarh,2008-05-28,5,10,10,field,normal,0,5,41,0,SE Marsh,27,1.0,0.0,1
97,98,2008,Delhi,2008-05-15,3,1,1,field,normal,0,3,12,0,A Mishra,9,1.0,0.0,1
98,99,2008,Mumbai,2008-05-16,7,8,8,field,normal,0,8,0,8,SM Pollock,40,0.0,0.0,1
99,100,2008,Delhi,2008-05-17,3,5,3,bat,normal,1,5,6,0,DPMD Jayawardene,9,0.0,1.0,1
100,101,2008,Jaipur,2008-05-17,10,12,12,field,normal,0,10,65,0,GC Smith,32,1.0,0.0,1
101,102,2008,Hyderabad,2008-05-18,8,1,1,field,normal,0,8,25,0,DJ Bravo,28,1.0,0.0,1
102,103,2008,Kolkata,2008-05-18,7,0,7,bat,normal,1,0,3,0,M Ntini,8,0.0,1.0,1
103,104,2008,Bangalore,2008-05-19,12,3,3,field,normal,0,3,0,5,SP Goswami,17,0.0,0.0,1
104,105,2008,Kolkata,2008-05-20,7,10,10,field,normal,0,10,0,6,YK Pathan,8,0.0,0.0,1
105,106,2008,Mumbai,2008-05-21,5,8,8,field,normal,0,5,1,0,SE Marsh,40,1.0,0.0,1
106,107,2008,Chennai,2008-05-21,12,0,12,bat,normal,0,12,14,0,A Kumble,20,1.0,1.0,1
107,108,2008,Chandigarh,2008-05-23,1,5,5,field,normal,0,5,0,6,SE Marsh,27,0.0,0.0,1
108,109,2008,Delhi,2008-05-24,8,3,3,field,normal,0,3,0,5,KD Karthik,9,0.0,0.0,1
109,110,2008,Chennai,2008-05-24,10,0,10,bat,normal,0,10,10,0,JA Morkel,20,1.0,1.0,1
110,111,2008,Bangalore,2008-05-03,12,1,1,field,normal,0,12,3,0,P Kumar,17,1.0,0.0,1
111,112,2008,Kolkata,2008-05-25,5,7,5,bat,normal,0,7,0,3,Umar Gul,8,0.0,1.0,1
112,113,2008,Jaipur,2008-05-26,8,10,10,field,normal,0,10,0,5,Sohail Tanvir,32,0.0,0.0,1
113,114,2008,Hyderabad,2008-05-27,1,0,1,bat,normal,0,0,0,7,SK Raina,28,0.0,1.0,1
114,115,2008,Mumbai,2008-05-30,10,3,3,field,normal,0,10,105,0,SR Watson,40,1.0,0.0,1
115,116,2008,Mumbai,2008-05-31,5,0,5,bat,normal,0,0,0,9,M Ntini,40,0.0,1.0,1
116,117,2008,Mumbai,2008-06-01,0,10,10,field,normal,0,10,0,3,YK Pathan,5,0.0,0.0,1
117,118,2009,Cape Town,2009-04-18,8,0,0,field,normal,0,8,19,0,SR Tendulkar,24,1.0,0.0,1
118,119,2009,Cape Town,2009-04-18,12,10,12,bat,normal,0,12,75,0,R Dravid,24,1.0,1.0,1
119,120,2009,Cape Town,2009-04-19,5,3,3,field,normal,1,3,0,10,DL Vettori,24,0.0,0.0,1
120,121,2009,Cape Town,2009-04-19,7,1,7,bat,normal,0,1,0,8,RP Singh,24,0.0,1.0,1
121,122,2009,Port Elizabeth,2009-04-20,0,12,0,bat,normal,0,0,92,0,M Muralitharan,36,1.0,1.0,1
122,123,2009,Durban,2009-04-21,5,7,7,field,normal,1,7,11,0,CH Gayle,16,0.0,0.0,1
123,124,2009,Cape Town,2009-04-22,1,12,1,bat,normal,0,1,24,0,AC Gilchrist,24,1.0,1.0,1
124,125,2009,Durban,2009-04-23,3,0,3,bat,normal,0,3,9,0,AB de Villiers,16,1.0,1.0,1
125,126,2009,Cape Town,2009-04-23,10,7,7,field,tie,0,10,0,0,YK Pathan,24,1.0,0.0,1
126,127,2009,Durban,2009-04-24,12,5,12,bat,normal,0,5,0,7,RS Bopara,16,0.0,1.0,1
127,128,2009,Durban,2009-04-25,1,8,1,bat,normal,0,1,12,0,PP Ojha,16,1.0,1.0,1
128,129,2009,Port Elizabeth,2009-04-26,12,3,12,bat,normal,0,3,0,6,TM Dilshan,36,0.0,1.0,1
129,130,2009,Cape Town,2009-04-26,5,10,5,bat,normal,0,5,27,0,KC Sangakkara,24,1.0,1.0,1
130,131,2009,Durban,2009-04-27,0,1,1,field,normal,0,1,0,6,HH Gibbs,16,0.0,0.0,1
131,132,2009,Port Elizabeth,2009-04-27,8,7,8,bat,normal,0,8,92,0,SR Tendulkar,36,1.0,1.0,1
132,133,2009,Centurion,2009-04-28,3,10,3,bat,normal,0,10,0,5,YK Pathan,38,0.0,1.0,1
133,134,2009,Durban,2009-04-29,7,12,7,bat,normal,0,12,0,5,MV Boucher,16,0.0,1.0,1
134,135,2009,Durban,2009-04-29,5,8,5,bat,normal,0,5,3,0,KC Sangakkara,16,1.0,1.0,1
135,136,2009,Centurion,2009-04-30,1,3,3,field,normal,0,3,0,6,DP Nannes,38,0.0,0.0,1
136,137,2009,Centurion,2009-04-30,0,10,10,field,normal,0,0,38,0,SK Raina,38,1.0,0.0,1
137,138,2009,East London,2009-05-01,8,7,8,bat,normal,0,8,9,0,JP Duminy,3,1.0,1.0,1
138,139,2009,Durban,2009-05-01,12,5,12,bat,normal,0,12,8,0,Yuvraj Singh,16,1.0,1.0,1
139,140,2009,Port Elizabeth,2009-05-02,1,10,1,bat,normal,0,10,0,3,YK Pathan,36,0.0,1.0,1
140,141,2009,Johannesburg,2009-05-02,0,3,3,field,normal,0,0,18,0,SB Jakati,23,1.0,0.0,1
141,142,2009,Port Elizabeth,2009-05-03,7,5,7,bat,normal,0,5,0,6,DPMD Jayawardene,36,0.0,1.0,1
142,143,2009,Johannesburg,2009-05-03,8,12,8,bat,normal,0,12,0,9,JH Kallis,23,0.0,1.0,1
143,144,2009,East London,2009-05-04,0,1,0,bat,normal,0,0,78,0,MS Dhoni,3,1.0,1.0,1
144,145,2009,Durban,2009-05-05,10,5,5,field,normal,0,10,78,0,GC Smith,16,1.0,0.0,1
145,146,2009,Durban,2009-05-05,7,3,7,bat,normal,0,3,0,9,G Gambhir,16,0.0,1.0,1
146,147,2009,Centurion,2009-05-06,1,8,1,bat,normal,0,1,19,0,RG Sharma,38,1.0,1.0,1
147,148,2009,Centurion,2009-05-07,12,10,10,field,normal,0,10,0,7,A Singh,38,0.0,0.0,1
148,149,2009,Centurion,2009-05-07,0,5,0,bat,normal,1,0,12,0,ML Hayden,38,1.0,1.0,1
149,150,2009,East London,2009-05-08,8,3,8,bat,normal,0,3,0,7,A Nehra,3,0.0,1.0,1
150,151,2009,Kimberley,2009-05-09,1,5,5,field,normal,0,5,0,3,DPMD Jayawardene,4,0.0,0.0,1
151,152,2009,Kimberley,2009-05-09,10,0,10,bat,normal,0,0,0,7,S Badrinath,4,0.0,1.0,1
152,153,2009,Port Elizabeth,2009-05-10,8,12,8,bat,normal,0,8,16,0,JP Duminy,36,1.0,1.0,1
153,154,2009,Johannesburg,2009-05-10,7,3,3,field,normal,0,3,0,7,A Mishra,23,0.0,0.0,1
154,155,2009,Kimberley,2009-05-11,1,10,1,bat,normal,0,1,53,0,DR Smith,4,1.0,1.0,1
155,156,2009,Centurion,2009-05-12,7,12,12,field,normal,0,12,0,6,LRPL Taylor,38,0.0,0.0,1
156,157,2009,Centurion,2009-05-12,5,8,5,bat,normal,0,8,0,8,Harbhajan Singh,38,0.0,1.0,1
157,158,2009,Durban,2009-05-13,3,1,1,field,normal,0,3,12,0,R Bhatia,16,1.0,0.0,1
158,159,2009,Durban,2009-05-14,0,12,0,bat,normal,0,12,0,2,LRPL Taylor,16,0.0,1.0,1
159,160,2009,Durban,2009-05-14,10,8,10,bat,normal,0,10,2,0,SK Warne,16,1.0,1.0,1
160,161,2009,Bloemfontein,2009-05-15,3,5,5,field,normal,0,5,0,6,B Lee,25,0.0,0.0,1
161,162,2009,Port Elizabeth,2009-05-16,8,0,8,bat,normal,0,0,0,7,ML Hayden,36,0.0,1.0,1
162,163,2009,Johannesburg,2009-05-16,7,1,1,field,normal,0,1,0,6,RG Sharma,23,0.0,0.0,1
163,164,2009,Johannesburg,2009-05-17,5,1,1,field,normal,0,5,1,0,Yuvraj Singh,23,1.0,0.0,1
164,165,2009,Bloemfontein,2009-05-17,3,10,3,bat,normal,0,3,14,0,AB de Villiers,25,1.0,1.0,1
165,166,2009,Centurion,2009-05-18,0,7,0,bat,normal,0,7,0,7,BJ Hodge,38,0.0,1.0,1
166,167,2009,Johannesburg,2009-05-19,3,12,3,bat,normal,0,12,0,7,JH Kallis,23,0.0,1.0,1
167,168,2009,Durban,2009-05-20,10,7,7,field,normal,0,7,0,4,LR Shukla,16,0.0,0.0,1
168,169,2009,Durban,2009-05-20,0,5,0,bat,normal,0,0,24,0,M Muralitharan,16,1.0,1.0,1
169,170,2009,Centurion,2009-05-21,8,3,3,field,normal,0,3,0,4,V Sehwag,38,0.0,0.0,1
170,171,2009,Centurion,2009-05-21,12,1,12,bat,normal,0,12,12,0,MK Pandey,38,1.0,1.0,1
171,172,2009,Centurion,2009-05-22,3,1,1,field,normal,0,1,0,6,AC Gilchrist,38,0.0,0.0,1
172,173,2009,Johannesburg,2009-05-23,0,12,12,field,normal,0,12,0,6,MK Pandey,23,0.0,0.0,1
173,174,2009,Johannesburg,2009-05-24,1,12,12,field,normal,0,1,6,0,A Kumble,23,1.0,0.0,1
174,175,2010,Mumbai,2010-03-12,7,1,1,field,normal,0,7,11,0,AD Mathews,5,1.0,0.0,1
175,176,2010,Mumbai,2010-03-13,8,10,8,bat,normal,0,8,4,0,YK Pathan,2,1.0,1.0,1
176,177,2010,Chandigarh,2010-03-13,5,3,3,field,normal,0,3,0,5,G Gambhir,27,0.0,0.0,1
177,178,2010,Kolkata,2010-03-14,12,7,7,field,normal,0,7,0,7,MK Tiwary,8,0.0,0.0,1
178,179,2010,Chennai,2010-03-14,1,0,1,bat,normal,0,1,31,0,WPUJC Vaas,20,1.0,1.0,1
179,180,2010,Ahmedabad,2010-03-15,10,3,3,field,normal,0,3,0,6,V Sehwag,30,0.0,0.0,1
180,181,2010,Bangalore,2010-03-16,5,12,5,bat,normal,0,12,0,8,JH Kallis,17,0.0,1.0,1
181,182,2010,Kolkata,2010-03-16,0,7,0,bat,normal,0,0,55,0,MS Dhoni,8,1.0,1.0,1
182,183,2010,Delhi,2010-03-17,8,3,3,field,normal,0,8,98,0,SR Tendulkar,9,1.0,0.0,1
183,184,2010,Bangalore,2010-03-18,10,12,12,field,normal,0,12,0,10,JH Kallis,17,0.0,0.0,1
184,185,2010,Delhi,2010-03-19,3,0,3,bat,normal,0,0,0,5,ML Hayden,9,0.0,1.0,1
185,186,2010,Cuttack,2010-03-19,1,5,5,field,normal,0,1,6,0,A Symonds,1,1.0,0.0,1
186,187,2010,Ahmedabad,2010-03-20,10,7,10,bat,normal,0,10,34,0,AA Jhunjhunwala,30,1.0,1.0,1
187,188,2010,Mumbai,2010-03-20,8,12,8,bat,normal,0,12,0,7,JH Kallis,2,0.0,1.0,1
188,189,2010,Cuttack,2010-03-21,1,3,1,bat,normal,0,1,10,0,A Symonds,1,1.0,1.0,1
189,190,2010,Chennai,2010-03-21,5,0,0,field,tie,0,5,0,0,J Theron,20,1.0,0.0,1
190,191,2010,Mumbai,2010-03-22,7,8,7,bat,normal,0,8,0,7,SR Tendulkar,2,0.0,1.0,1
191,192,2010,Bangalore,2010-03-23,12,0,0,field,normal,0,12,36,0,RV Uthappa,17,1.0,0.0,1
192,193,2010,Chandigarh,2010-03-24,10,5,5,field,normal,0,10,31,0,AC Voges,27,1.0,0.0,1
193,194,2010,Mumbai,2010-03-25,0,8,8,field,normal,0,8,0,5,SR Tendulkar,2,0.0,0.0,1
194,195,2010,Ahmedabad,2010-03-26,1,10,1,bat,normal,0,10,0,8,YK Pathan,30,0.0,1.0,1
195,196,2010,Chandigarh,2010-03-27,7,5,7,bat,normal,0,7,39,0,MK Tiwary,27,1.0,1.0,1
196,197,2010,Bangalore,2010-03-25,3,12,12,field,normal,0,3,17,0,KM Jadhav,17,1.0,0.0,1
197,198,2010,Ahmedabad,2010-03-28,10,0,10,bat,normal,0,10,17,0,NV Ojha,30,1.0,1.0,1
198,199,2010,Mumbai,2010-03-28,8,1,1,field,normal,0,8,41,0,Harbhajan Singh,5,1.0,0.0,1
199,200,2010,Delhi,2010-03-29,3,7,3,bat,normal,0,3,40,0,DA Warner,9,1.0,1.0,1
200,201,2010,Mumbai,2010-03-30,5,8,8,field,normal,0,8,0,4,SL Malinga,2,0.0,0.0,1
201,202,2010,Chennai,2010-03-31,12,0,12,bat,normal,0,0,0,5,M Vijay,20,0.0,1.0,1
202,203,2010,Delhi,2010-03-31,3,10,3,bat,normal,0,3,67,0,KD Karthik,9,1.0,1.0,1
203,204,2010,Kolkata,2010-04-01,7,1,7,bat,normal,0,7,24,0,SC Ganguly,8,1.0,1.0,1
204,205,2010,Chandigarh,2010-04-02,5,12,5,bat,normal,0,12,0,6,KP Pietersen,27,0.0,1.0,1
205,206,2010,Chennai,2010-04-03,0,10,0,bat,normal,0,0,23,0,M Vijay,20,1.0,1.0,1
206,207,2010,Mumbai,2010-04-03,8,1,8,bat,normal,0,8,63,0,AT Rayudu,2,1.0,1.0,1
207,208,2010,Kolkata,2010-04-04,7,5,7,bat,normal,0,5,0,8,DPMD Jayawardene,8,0.0,1.0,1
208,209,2010,Delhi,2010-04-04,3,12,3,bat,normal,0,3,37,0,PD Collingwood,9,1.0,1.0,1
209,210,2010,Nagpur,2010-04-05,10,1,10,bat,normal,0,10,2,0,SK Warne,39,1.0,1.0,1
210,211,2010,Chennai,2010-04-06,0,8,0,bat,normal,0,0,24,0,SK Raina,20,1.0,1.0,1
211,212,2010,Jaipur,2010-04-07,5,10,5,bat,normal,0,10,0,9,MJ Lumb,32,0.0,1.0,1
212,213,2010,Kolkata,2010-04-07,7,3,7,bat,normal,0,7,14,0,SC Ganguly,8,1.0,1.0,1
213,214,2010,Bangalore,2010-04-08,12,1,1,field,normal,0,1,0,7,TL Suman,17,0.0,0.0,1
214,215,2010,Chandigarh,2010-04-09,8,5,8,bat,normal,0,5,0,6,KC Sangakkara,27,0.0,1.0,1
215,216,2010,Nagpur,2010-04-10,0,1,0,bat,normal,0,1,0,6,RJ Harris,39,0.0,1.0,1
216,217,2010,Bangalore,2010-04-10,7,12,12,field,normal,0,12,0,7,R Vinay Kumar,17,0.0,0.0,1
217,218,2010,Delhi,2010-04-11,3,5,3,bat,normal,0,5,0,7,PP Chawla,9,0.0,1.0,1
218,219,2010,Jaipur,2010-04-11,8,10,10,field,normal,0,8,37,0,SR Tendulkar,32,1.0,0.0,1
219,220,2010,Nagpur,2010-04-12,1,12,12,field,normal,0,1,13,0,Harmeet Singh,39,1.0,0.0,1
220,221,2010,Mumbai,2010-04-13,8,3,8,bat,normal,0,8,39,0,KA Pollard,2,1.0,1.0,1
221,222,2010,Chennai,2010-04-13,7,0,7,bat,normal,0,0,0,9,R Ashwin,20,0.0,1.0,1
222,223,2010,Jaipur,2010-04-14,10,12,10,bat,normal,0,12,0,5,KP Pietersen,32,0.0,1.0,1
223,224,2010,Chennai,2010-04-15,0,3,0,bat,normal,0,3,0,6,G Gambhir,20,0.0,1.0,1
224,225,2010,Dharamsala,2010-04-16,5,1,1,field,normal,0,1,0,5,RG Sharma,12,0.0,0.0,1
225,226,2010,Bangalore,2010-04-17,8,12,12,field,normal,0,8,57,0,R McLaren,17,1.0,0.0,1
226,227,2010,Kolkata,2010-04-17,10,7,10,bat,normal,0,7,0,8,JD Unadkat,8,0.0,1.0,1
227,228,2010,Dharamsala,2010-04-18,5,0,0,field,normal,0,0,0,6,MS Dhoni,12,0.0,0.0,1
228,229,2010,Delhi,2010-04-18,1,3,1,bat,normal,0,1,11,0,A Symonds,9,1.0,1.0,1
229,230,2010,Kolkata,2010-04-19,8,7,8,bat,normal,0,7,0,9,M Kartik,8,0.0,1.0,1
230,231,2010,Mumbai,2010-04-21,8,12,8,bat,normal,0,8,35,0,KA Pollard,5,1.0,1.0,1
231,232,2010,Mumbai,2010-04-22,0,1,0,bat,normal,0,0,38,0,DE Bollinger,5,1.0,1.0,1
232,233,2010,Mumbai,2010-04-24,1,12,1,bat,normal,0,12,0,9,A Kumble,5,0.0,1.0,1
233,234,2010,Mumbai,2010-04-25,0,8,0,bat,normal,0,0,22,0,SK Raina,5,1.0,1.0,1
234,235,2011,Chennai,2011-04-08,0,7,0,bat,normal,0,0,2,0,S Anirudha,20,1.0,1.0,1
235,236,2011,Hyderabad,2011-04-09,1,10,10,field,normal,0,10,0,8,SK Trivedi,28,0.0,0.0,1
236,237,2011,Kochi,2011-04-09,6,12,6,bat,normal,0,12,0,6,AB de Villiers,22,0.0,1.0,1
237,238,2011,Delhi,2011-04-10,3,8,3,bat,normal,0,8,0,8,SL Malinga,9,0.0,1.0,1
238,239,2011,Mumbai,2011-04-10,5,9,5,bat,normal,0,9,0,7,SB Wagh,5,0.0,1.0,1
239,240,2011,Kolkata,2011-04-11,7,1,7,bat,normal,0,7,9,0,JH Kallis,8,1.0,1.0,1
240,241,2011,Jaipur,2011-04-12,3,10,3,bat,normal,0,10,0,6,SK Warne,32,0.0,1.0,1
241,242,2011,Bangalore,2011-04-12,12,8,8,field,normal,0,8,0,9,SR Tendulkar,17,0.0,0.0,1
242,243,2011,Chandigarh,2011-04-13,0,5,5,field,normal,0,5,0,6,PC Valthaty,27,0.0,0.0,1
243,244,2011,Mumbai,2011-04-13,6,9,6,bat,normal,0,9,0,4,MD Mishra,5,0.0,1.0,1
244,245,2011,Hyderabad,2011-04-14,1,12,12,field,normal,0,1,33,0,DW Steyn,28,1.0,0.0,1
245,246,2011,Jaipur,2011-04-15,10,7,7,field,normal,0,7,0,9,G Gambhir,32,0.0,0.0,1
246,247,2011,Mumbai,2011-04-15,8,6,6,field,normal,0,6,0,8,BB McCullum,40,0.0,0.0,1
247,248,2011,Chennai,2011-04-16,0,12,0,bat,normal,0,0,21,0,MEK Hussey,20,1.0,1.0,1
248,249,2011,Hyderabad,2011-04-16,1,5,5,field,normal,0,5,0,8,PC Valthaty,28,0.0,0.0,1
249,250,2011,Mumbai,2011-04-17,9,3,3,field,normal,0,3,0,3,Yuvraj Singh,5,0.0,0.0,1
250,251,2011,Kolkata,2011-04-17,10,7,7,field,normal,0,7,0,8,L Balaji,8,0.0,0.0,1
251,252,2011,Kochi,2011-04-18,0,6,6,field,normal,1,6,0,7,BB McCullum,22,0.0,0.0,1
252,253,2011,Delhi,2011-04-19,1,3,1,bat,normal,0,1,16,0,S Sohal,9,1.0,1.0,1
253,254,2011,Mumbai,2011-04-20,9,8,9,bat,normal,0,8,0,7,MM Patel,40,0.0,1.0,1
254,255,2011,Kolkata,2011-04-20,6,7,7,field,normal,0,6,6,0,DPMD Jayawardene,8,1.0,0.0,1
255,256,2011,Chandigarh,2011-04-21,5,10,10,field,normal,0,5,48,0,SE Marsh,27,1.0,0.0,1
256,257,2011,Mumbai,2011-04-22,8,0,0,field,normal,0,8,8,0,Harbhajan Singh,40,1.0,0.0,1
257,258,2011,Kolkata,2011-04-22,7,12,12,field,normal,0,12,0,9,CH Gayle,8,0.0,0.0,1
258,259,2011,Delhi,2011-04-23,3,5,5,field,normal,0,3,29,0,DA Warner,9,1.0,0.0,1
259,260,2011,Hyderabad,2011-04-24,8,1,1,field,normal,0,8,37,0,SL Malinga,28,1.0,0.0,1
260,261,2011,Jaipur,2011-04-24,6,10,10,field,normal,0,10,0,8,SK Warne,32,0.0,0.0,1
261,262,2011,Chennai,2011-04-25,0,9,9,field,normal,0,0,25,0,MEK Hussey,20,1.0,0.0,1
262,263,2011,Delhi,2011-04-26,3,12,12,field,normal,0,12,0,3,V Kohli,9,0.0,0.0,1
263,264,2011,Mumbai,2011-04-27,9,0,9,bat,normal,0,0,0,8,DE Bollinger,5,0.0,1.0,1
264,265,2011,Kochi,2011-04-27,1,6,6,field,normal,0,1,55,0,I Sharma,22,1.0,0.0,1
265,266,2011,Delhi,2011-04-28,7,3,3,field,normal,0,7,17,0,MK Tiwary,9,1.0,0.0,1
266,267,2011,Jaipur,2011-04-29,8,10,10,field,normal,0,10,0,7,J Botha,32,0.0,0.0,1
267,268,2011,Bangalore,2011-04-29,12,9,9,field,normal,0,12,26,0,V Kohli,17,1.0,0.0,1
268,269,2011,Kochi,2011-04-30,3,6,3,bat,normal,0,3,38,0,V Sehwag,22,1.0,1.0,1
269,270,2011,Kolkata,2011-04-30,5,7,7,field,normal,0,7,0,8,Iqbal Abdulla,8,0.0,0.0,1
270,271,2011,Jaipur,2011-05-01,9,10,10,field,normal,0,10,0,6,LRPL Taylor,32,0.0,0.0,1
271,272,2011,Chennai,2011-05-01,0,1,0,bat,normal,0,0,19,0,JA Morkel,20,1.0,1.0,1
272,273,2011,Mumbai,2011-05-02,8,5,5,field,normal,0,8,23,0,KA Pollard,40,1.0,0.0,1
273,274,2011,Delhi,2011-05-02,3,6,6,field,normal,0,6,0,7,P Parameswaran,9,0.0,0.0,1
274,275,2011,Hyderabad,2011-05-03,7,1,1,field,normal,0,7,20,0,YK Pathan,28,1.0,0.0,1
275,276,2011,Chennai,2011-05-04,10,0,10,bat,normal,0,0,0,8,MEK Hussey,20,0.0,1.0,1
276,277,2011,Mumbai,2011-05-04,8,9,9,field,normal,0,8,21,0,R Sharma,5,1.0,0.0,1
277,278,2011,Kochi,2011-05-05,6,7,7,field,normal,0,6,17,0,BJ Hodge,22,1.0,0.0,1
278,279,2011,Hyderabad,2011-05-05,1,3,3,field,normal,0,3,0,4,V Sehwag,28,0.0,0.0,1
279,280,2011,Bangalore,2011-05-06,12,5,5,field,normal,0,12,85,0,CH Gayle,17,1.0,0.0,1
280,281,2011,Kolkata,2011-05-07,0,7,0,bat,normal,1,7,10,0,Iqbal Abdulla,8,0.0,1.0,1
281,282,2011,Mumbai,2011-05-07,8,3,3,field,normal,0,8,32,0,AT Rayudu,40,1.0,0.0,1
282,283,2011,Bangalore,2011-05-08,6,12,6,bat,normal,0,12,0,9,CH Gayle,17,0.0,1.0,1
283,284,2011,Chandigarh,2011-05-08,5,9,5,bat,normal,0,9,0,5,R Sharma,27,0.0,1.0,1
284,285,2011,Jaipur,2011-05-09,0,10,10,field,normal,0,0,63,0,M Vijay,32,1.0,0.0,1
285,286,2011,Hyderabad,2011-05-10,1,9,1,bat,normal,0,9,0,6,MR Marsh,28,0.0,1.0,1
286,287,2011,Chandigarh,2011-05-10,5,8,8,field,normal,0,5,76,0,BA Bhatt,27,1.0,0.0,1
287,288,2011,Jaipur,2011-05-11,10,12,12,field,normal,0,12,0,9,S Aravind,32,0.0,0.0,1
288,289,2011,Chennai,2011-05-12,0,3,0,bat,normal,0,0,18,0,MS Dhoni,20,1.0,1.0,1
289,290,2011,Indore,2011-05-13,6,5,5,field,normal,0,5,0,6,KD Karthik,13,0.0,0.0,1
290,291,2011,Bangalore,2011-05-14,7,12,12,field,normal,1,12,0,4,CH Gayle,17,0.0,0.0,1
291,292,2011,Mumbai,2011-05-14,1,8,1,bat,normal,0,1,10,0,A Mishra,40,1.0,1.0,1
292,293,2011,Dharamsala,2011-05-15,5,3,3,field,normal,0,5,29,0,PP Chawla,12,1.0,0.0,1
293,294,2011,Indore,2011-05-15,10,6,6,field,normal,0,6,0,8,BJ Hodge,13,0.0,0.0,1
294,295,2011,Mumbai,2011-05-16,9,1,1,field,normal,0,1,0,6,A Mishra,5,0.0,0.0,1
295,296,2011,Dharamsala,2011-05-17,5,12,5,bat,normal,0,5,111,0,AC Gilchrist,12,1.0,1.0,1
296,297,2011,Chennai,2011-05-18,0,6,0,bat,normal,0,0,11,0,WP Saha,20,1.0,1.0,1
297,298,2011,Mumbai,2011-05-19,9,7,7,field,normal,0,7,0,7,YK Pathan,5,0.0,0.0,1
298,299,2011,Mumbai,2011-05-20,8,10,8,bat,normal,0,10,0,10,SR Watson,40,0.0,1.0,1
299,300,2011,Dharamsala,2011-05-21,1,5,5,field,normal,0,1,82,0,S Dhawan,12,1.0,0.0,1
301,302,2011,Bangalore,2011-05-22,0,12,12,field,normal,0,12,0,8,CH Gayle,17,0.0,0.0,1
302,303,2011,Kolkata,2011-05-22,7,8,8,field,normal,0,8,0,5,JEC Franklin,8,0.0,0.0,1
303,304,2011,Mumbai,2011-05-24,12,0,0,field,normal,0,0,0,6,SK Raina,40,0.0,0.0,1
304,305,2011,Mumbai,2011-05-25,7,8,8,field,normal,0,8,0,4,MM Patel,40,0.0,0.0,1
305,306,2011,Chennai,2011-05-27,12,8,8,field,normal,0,12,43,0,CH Gayle,20,1.0,0.0,1
306,307,2011,Chennai,2011-05-28,0,12,0,bat,normal,0,0,58,0,M Vijay,20,1.0,1.0,1
307,308,2012,Chennai,2012-04-04,0,8,8,field,normal,0,8,0,8,RE Levi,20,0.0,0.0,1
308,309,2012,Kolkata,2012-04-05,7,3,3,field,normal,0,3,0,8,IK Pathan,8,0.0,0.0,1
309,310,2012,Mumbai,2012-04-06,9,8,8,field,normal,0,9,28,0,SPD Smith,40,1.0,0.0,1
310,311,2012,Jaipur,2012-04-06,10,5,5,field,normal,0,10,31,0,AM Rahane,32,1.0,0.0,1
311,312,2012,Bangalore,2012-04-07,12,3,3,field,normal,0,12,20,0,AB de Villiers,17,1.0,0.0,1
312,313,2012,Visakhapatnam,2012-04-07,0,1,1,field,normal,0,0,74,0,RA Jadeja,6,1.0,0.0,1
313,314,2012,Jaipur,2012-04-08,10,7,7,field,normal,0,10,22,0,BJ Hodge,32,1.0,0.0,1
314,315,2012,Pune,2012-04-08,9,5,9,bat,normal,0,9,22,0,MN Samuels,37,1.0,1.0,1
315,316,2012,Visakhapatnam,2012-04-09,1,8,1,bat,normal,0,8,0,5,RG Sharma,6,0.0,1.0,1
316,317,2012,Bangalore,2012-04-10,7,12,12,field,normal,0,7,42,0,L Balaji,17,1.0,0.0,1
317,318,2012,Delhi,2012-04-10,0,3,3,field,normal,0,3,0,8,M Morkel,9,0.0,0.0,1
318,319,2012,Mumbai,2012-04-11,8,10,10,field,normal,0,8,27,0,KA Pollard,40,1.0,0.0,1
319,320,2012,Chennai,2012-04-12,12,0,12,bat,normal,0,0,0,5,F du Plessis,20,0.0,1.0,1
320,321,2012,Chandigarh,2012-04-12,9,5,5,field,normal,0,5,0,7,AD Mascarenhas,27,0.0,0.0,1
321,322,2012,Kolkata,2012-04-13,10,7,10,bat,normal,0,7,0,5,Shakib Al Hasan,8,0.0,1.0,1
322,323,2012,Delhi,2012-04-19,1,3,1,bat,normal,0,3,0,5,KP Pietersen,9,0.0,1.0,1
323,324,2012,Pune,2012-04-14,0,9,0,bat,normal,0,9,0,7,JD Ryder,37,0.0,1.0,1
324,325,2012,Kolkata,2012-04-15,5,7,7,field,normal,0,5,2,0,SP Narine,8,1.0,0.0,1
325,326,2012,Bangalore,2012-04-15,10,12,10,bat,normal,0,10,59,0,AM Rahane,17,1.0,1.0,1
326,327,2012,Mumbai,2012-04-16,8,3,3,field,normal,0,3,0,7,S Nadeem,40,0.0,0.0,1
327,328,2012,Jaipur,2012-04-17,1,10,1,bat,normal,0,10,0,5,BJ Hodge,32,0.0,1.0,1
328,329,2012,Bangalore,2012-04-17,9,12,9,bat,normal,0,12,0,6,CH Gayle,17,0.0,1.0,1
329,330,2012,Chandigarh,2012-04-18,5,7,5,bat,normal,0,7,0,8,G Gambhir,27,0.0,1.0,1
330,331,2012,Hyderabad,2012-05-10,1,3,1,bat,normal,0,3,0,9,DA Warner,28,0.0,1.0,1
331,332,2012,Chennai,2012-04-19,0,9,9,field,normal,0,0,13,0,KMDN Kulasekara,20,1.0,0.0,1
332,333,2012,Chandigarh,2012-04-20,5,12,12,field,normal,0,12,0,5,CH Gayle,27,0.0,0.0,1
333,334,2012,Chennai,2012-04-21,10,0,10,bat,normal,0,0,0,7,F du Plessis,20,0.0,1.0,1
334,335,2012,Delhi,2012-04-21,9,3,3,field,normal,0,9,20,0,SC Ganguly,9,1.0,0.0,1
335,336,2012,Mumbai,2012-04-22,8,5,8,bat,normal,0,5,0,6,SE Marsh,40,0.0,1.0,1
336,337,2012,Cuttack,2012-04-22,1,7,7,field,normal,0,7,0,5,B Lee,1,0.0,0.0,1
337,338,2012,Jaipur,2012-04-23,12,10,10,field,normal,0,12,46,0,AB de Villiers,32,1.0,0.0,1
338,339,2012,Pune,2012-04-24,9,3,9,bat,normal,0,3,0,8,V Sehwag,37,0.0,1.0,1
339,340,2012,Chandigarh,2012-04-25,5,8,5,bat,normal,0,8,0,4,AT Rayudu,27,0.0,1.0,1
340,341,2012,Pune,2012-04-26,1,9,1,bat,normal,0,1,18,0,CL White,37,1.0,1.0,1
341,342,2012,Delhi,2012-04-27,3,8,8,field,normal,0,3,37,0,V Sehwag,9,1.0,0.0,1
342,343,2012,Chennai,2012-04-28,5,0,5,bat,normal,0,5,7,0,Mandeep Singh,20,1.0,1.0,1
343,344,2012,Kolkata,2012-04-28,7,12,7,bat,normal,0,7,47,0,G Gambhir,8,1.0,1.0,1
344,345,2012,Delhi,2012-04-29,3,10,3,bat,normal,0,3,1,0,V Sehwag,9,1.0,1.0,1
345,346,2012,Mumbai,2012-04-29,1,8,8,field,normal,0,8,0,5,DW Steyn,40,0.0,0.0,1
346,347,2012,Chennai,2012-04-30,0,7,0,bat,normal,0,7,0,5,G Gambhir,20,0.0,1.0,1
347,348,2012,Cuttack,2012-05-01,1,9,1,bat,normal,0,1,13,0,KC Sangakkara,1,1.0,1.0,1
348,349,2012,Jaipur,2012-05-01,10,3,10,bat,normal,0,3,0,6,P Negi,32,0.0,1.0,1
349,350,2012,Bangalore,2012-05-02,12,5,5,field,normal,0,5,0,4,Azhar Mahmood,17,0.0,0.0,1
350,351,2012,Pune,2012-05-03,8,9,8,bat,normal,0,8,1,0,SL Malinga,37,1.0,1.0,1
351,352,2012,Chennai,2012-05-04,0,1,0,bat,normal,0,0,10,0,SK Raina,20,1.0,1.0,1
352,353,2012,Kolkata,2012-05-05,7,9,7,bat,normal,0,7,7,0,SP Narine,8,1.0,1.0,1
353,354,2012,Chandigarh,2012-05-05,10,5,10,bat,normal,0,10,43,0,SR Watson,27,1.0,1.0,1
354,355,2012,Mumbai,2012-05-06,0,8,8,field,normal,0,8,0,2,DR Smith,40,0.0,0.0,1
355,356,2012,Bangalore,2012-05-06,1,12,12,field,normal,0,12,0,5,AB de Villiers,17,0.0,0.0,1
356,357,2012,Delhi,2012-05-07,3,7,3,bat,normal,0,7,0,6,JH Kallis,9,0.0,1.0,1
357,358,2012,Pune,2012-05-08,9,10,9,bat,normal,0,10,0,7,SR Watson,37,0.0,1.0,1
358,359,2012,Hyderabad,2012-05-08,5,1,1,field,normal,0,5,25,0,Mandeep Singh,28,1.0,0.0,1
359,360,2012,Mumbai,2012-05-09,8,12,12,field,normal,0,12,0,9,CH Gayle,40,0.0,0.0,1
360,361,2012,Jaipur,2012-05-10,10,0,0,field,normal,0,0,0,4,BW Hilfenhaus,32,0.0,0.0,1
361,362,2012,Pune,2012-05-11,12,9,9,field,normal,0,12,35,0,CH Gayle,37,1.0,0.0,1
362,363,2012,Kolkata,2012-05-12,8,7,8,bat,normal,0,8,27,0,RG Sharma,8,1.0,1.0,1
363,364,2012,Chennai,2012-05-12,3,0,0,field,normal,0,0,0,9,BW Hilfenhaus,20,0.0,0.0,1
364,365,2012,Jaipur,2012-05-13,10,9,10,bat,normal,0,10,45,0,A Chandila,32,1.0,1.0,1
365,366,2012,Chandigarh,2012-05-13,1,5,1,bat,normal,0,5,0,4,DJ Hussey,27,0.0,1.0,1
366,367,2012,Bangalore,2012-05-14,12,8,8,field,normal,0,8,0,5,AT Rayudu,17,0.0,0.0,1
367,368,2012,Kolkata,2012-05-14,7,0,0,field,normal,0,0,0,5,MEK Hussey,8,0.0,0.0,1
368,369,2012,Delhi,2012-05-15,5,3,5,bat,normal,0,3,0,5,UT Yadav,9,0.0,1.0,1
369,370,2012,Mumbai,2012-05-16,7,8,8,field,normal,0,7,32,0,SP Narine,40,1.0,0.0,1
370,371,2012,Dharamsala,2012-05-17,0,5,5,field,normal,0,5,0,6,AC Gilchrist,12,0.0,0.0,1
371,372,2012,Delhi,2012-05-17,12,3,3,field,normal,0,12,21,0,CH Gayle,9,1.0,0.0,1
372,373,2012,Hyderabad,2012-05-18,10,1,10,bat,normal,0,1,0,5,DW Steyn,28,0.0,1.0,1
373,374,2012,Dharamsala,2012-05-19,5,3,3,field,normal,0,3,0,6,UT Yadav,12,0.0,0.0,1
374,375,2012,Pune,2012-05-19,7,9,7,bat,normal,0,7,34,0,Shakib Al Hasan,37,1.0,1.0,1
375,376,2012,Hyderabad,2012-05-20,1,12,12,field,normal,0,1,9,0,DW Steyn,28,1.0,0.0,1
376,377,2012,Jaipur,2012-05-20,10,8,10,bat,normal,0,8,0,10,DR Smith,32,0.0,1.0,1
377,378,2012,Pune,2012-05-22,7,3,7,bat,normal,0,7,18,0,YK Pathan,37,1.0,1.0,1
378,379,2012,Bangalore,2012-05-23,0,8,8,field,normal,0,0,38,0,MS Dhoni,17,1.0,0.0,1
379,380,2012,Chennai,2012-05-25,0,3,3,field,normal,0,0,86,0,M Vijay,20,1.0,0.0,1
380,381,2012,Chennai,2012-05-27,0,7,0,bat,normal,0,7,0,5,MS Bisla,20,0.0,1.0,1
381,382,2013,Kolkata,2013-04-03,3,7,7,field,normal,0,7,0,6,SP Narine,8,0.0,0.0,1
382,383,2013,Bangalore,2013-04-04,12,8,8,field,normal,0,12,2,0,CH Gayle,17,1.0,0.0,1
383,384,2013,Hyderabad,2013-04-05,13,9,9,field,normal,0,13,22,0,A Mishra,28,1.0,0.0,1
384,385,2013,Delhi,2013-04-06,10,3,10,bat,normal,0,10,5,0,R Dravid,9,1.0,1.0,1
385,386,2013,Chennai,2013-04-06,8,0,8,bat,normal,0,8,9,0,KA Pollard,20,1.0,1.0,1
386,387,2013,Pune,2013-04-07,9,5,9,bat,normal,0,5,0,8,M Vohra,37,0.0,1.0,1
387,388,2013,Hyderabad,2013-04-07,12,13,12,bat,tie,0,13,0,0,GH Vihari,28,0.0,1.0,1
388,389,2013,Jaipur,2013-04-08,10,7,7,field,normal,0,10,19,0,SK Trivedi,32,1.0,0.0,1
389,390,2013,Mumbai,2013-04-09,8,3,8,bat,normal,0,8,44,0,KD Karthik,40,1.0,1.0,1
390,391,2013,Chandigarh,2013-04-10,5,0,0,field,normal,0,0,0,10,MEK Hussey,27,0.0,0.0,1
391,392,2013,Bangalore,2013-04-11,7,12,12,field,normal,0,12,0,8,CH Gayle,17,0.0,0.0,1
392,393,2013,Pune,2013-04-11,10,9,10,bat,normal,0,9,0,7,AJ Finch,37,0.0,1.0,1
393,394,2013,Delhi,2013-04-12,3,13,3,bat,normal,0,13,0,3,A Mishra,9,0.0,1.0,1
394,395,2013,Mumbai,2013-04-13,8,9,8,bat,normal,0,8,41,0,RG Sharma,40,1.0,1.0,1
395,396,2013,Chennai,2013-04-13,12,0,0,field,normal,0,0,0,4,RA Jadeja,20,0.0,0.0,1
396,397,2013,Kolkata,2013-04-14,7,13,7,bat,normal,0,7,48,0,G Gambhir,8,1.0,1.0,1
397,398,2013,Jaipur,2013-04-14,5,10,10,field,normal,0,10,0,6,JP Faulkner,32,0.0,0.0,1
398,399,2013,Chennai,2013-04-15,9,0,9,bat,normal,0,9,24,0,SPD Smith,20,1.0,1.0,1
399,400,2013,Chandigarh,2013-04-16,5,7,7,field,normal,0,5,4,0,MS Gony,27,1.0,0.0,1
400,401,2013,Bangalore,2013-04-16,3,12,12,field,tie,0,12,0,0,V Kohli,17,0.0,0.0,1
401,402,2013,Pune,2013-04-17,13,9,9,field,normal,0,13,11,0,A Mishra,37,1.0,0.0,1
402,403,2013,Jaipur,2013-04-17,10,8,10,bat,normal,0,10,87,0,AM Rahane,32,1.0,1.0,1
403,404,2013,Delhi,2013-04-18,0,3,0,bat,normal,0,0,86,0,MEK Hussey,9,1.0,1.0,1
404,405,2013,Hyderabad,2013-04-19,5,13,5,bat,normal,0,13,0,5,GH Vihari,28,0.0,1.0,1
405,406,2013,Kolkata,2013-04-20,7,0,7,bat,normal,0,0,0,4,RA Jadeja,8,0.0,1.0,1
406,407,2013,Bangalore,2013-04-20,10,12,12,field,normal,0,12,0,7,R Vinay Kumar,17,0.0,0.0,1
407,408,2013,Delhi,2013-04-21,8,3,8,bat,normal,0,3,0,9,V Sehwag,9,0.0,1.0,1
408,409,2013,Chandigarh,2013-04-21,9,5,5,field,normal,0,5,0,7,DA Miller,27,0.0,0.0,1
409,410,2013,Chennai,2013-04-22,10,0,10,bat,normal,0,0,0,5,MEK Hussey,20,0.0,1.0,1
410,411,2013,Bangalore,2013-04-23,12,9,9,field,normal,0,12,130,0,CH Gayle,17,1.0,0.0,1
411,412,2013,Dharamsala,2013-05-16,5,3,3,field,normal,0,5,7,0,DA Miller,12,1.0,0.0,1
412,413,2013,Kolkata,2013-04-24,7,8,7,bat,normal,0,8,0,5,DR Smith,8,0.0,1.0,1
413,414,2013,Chennai,2013-04-25,13,0,13,bat,normal,0,0,0,5,MS Dhoni,20,0.0,1.0,1
414,415,2013,Kolkata,2013-04-26,5,7,5,bat,normal,0,7,0,6,JH Kallis,8,0.0,1.0,1
415,416,2013,Jaipur,2013-04-27,13,10,13,bat,normal,0,10,0,8,JP Faulkner,32,0.0,1.0,1
416,417,2013,Mumbai,2013-04-27,8,12,8,bat,normal,0,8,58,0,DR Smith,40,1.0,1.0,1
417,418,2013,Chennai,2013-04-28,0,7,7,field,normal,0,0,14,0,MEK Hussey,20,1.0,0.0,1
418,419,2013,Raipur,2013-04-28,3,9,9,field,normal,0,3,15,0,DA Warner,33,1.0,0.0,1
419,420,2013,Jaipur,2013-04-29,12,10,10,field,normal,0,10,0,4,SV Samson,32,0.0,0.0,1
420,421,2013,Mumbai,2013-04-29,8,5,8,bat,normal,0,8,4,0,RG Sharma,40,1.0,1.0,1
421,422,2013,Pune,2013-04-30,0,9,0,bat,normal,0,0,37,0,MS Dhoni,37,1.0,1.0,1
422,423,2013,Hyderabad,2013-05-01,8,13,8,bat,normal,0,13,0,7,I Sharma,28,0.0,1.0,1
423,424,2013,Raipur,2013-05-01,7,3,7,bat,normal,0,3,0,7,DA Warner,33,0.0,1.0,1
424,425,2013,Chennai,2013-05-02,0,5,0,bat,normal,0,0,15,0,SK Raina,20,1.0,1.0,1
425,426,2013,Pune,2013-05-02,12,9,12,bat,normal,0,12,17,0,AB de Villiers,37,1.0,1.0,1
426,427,2013,Kolkata,2013-05-03,10,7,10,bat,normal,0,7,0,8,YK Pathan,8,0.0,1.0,1
427,428,2013,Hyderabad,2013-05-04,3,13,3,bat,normal,0,13,0,6,DJG Sammy,28,0.0,1.0,1
428,429,2013,Bangalore,2013-05-14,12,5,5,field,normal,0,5,0,7,AC Gilchrist,17,0.0,0.0,1
429,430,2013,Mumbai,2013-05-05,8,0,8,bat,normal,0,8,60,0,MG Johnson,40,1.0,1.0,1
430,431,2013,Jaipur,2013-05-05,9,10,9,bat,normal,0,10,0,5,AM Rahane,32,0.0,1.0,1
431,432,2013,Bangalore,2013-04-09,13,12,13,bat,normal,0,12,0,7,V Kohli,17,0.0,1.0,1
432,433,2013,Jaipur,2013-05-07,3,10,3,bat,normal,0,10,0,9,AM Rahane,32,0.0,1.0,1
433,434,2013,Mumbai,2013-05-07,8,7,8,bat,normal,0,8,65,0,SR Tendulkar,40,1.0,1.0,1
434,435,2013,Hyderabad,2013-05-08,0,13,13,field,normal,0,0,77,0,SK Raina,28,1.0,0.0,1
435,436,2013,Chandigarh,2013-05-09,5,10,10,field,normal,0,10,0,8,KK Cooper,27,0.0,0.0,1
436,437,2013,Pune,2013-05-09,7,9,7,bat,normal,0,7,46,0,G Gambhir,37,1.0,1.0,1
437,438,2013,Delhi,2013-05-10,12,3,3,field,normal,0,12,4,0,JD Unadkat,9,1.0,0.0,1
438,439,2013,Pune,2013-05-11,9,8,9,bat,normal,0,8,0,5,MG Johnson,37,0.0,1.0,1
439,440,2013,Chandigarh,2013-05-11,13,5,5,field,normal,0,13,30,0,PA Patel,27,1.0,0.0,1
440,441,2013,Ranchi,2013-05-12,12,7,7,field,normal,0,7,0,5,JH Kallis,15,0.0,0.0,1
441,442,2013,Jaipur,2013-05-12,0,10,10,field,normal,0,10,0,5,SR Watson,32,0.0,0.0,1
442,443,2013,Delhi,2013-04-23,3,5,5,field,normal,0,5,0,5,Harmeet Singh,9,0.0,0.0,1
443,444,2013,Mumbai,2013-05-13,13,8,13,bat,normal,0,8,0,7,KA Pollard,40,0.0,1.0,1
444,445,2013,Ranchi,2013-05-15,9,7,7,field,normal,0,9,7,0,MK Pandey,15,1.0,0.0,1
445,446,2013,Chennai,2013-05-14,0,3,0,bat,normal,0,0,33,0,MS Dhoni,20,1.0,1.0,1
446,447,2013,Mumbai,2013-05-15,8,10,10,field,normal,0,8,14,0,AP Tare,40,1.0,0.0,1
447,448,2013,Chandigarh,2013-05-06,12,5,5,field,normal,0,5,0,6,DA Miller,27,0.0,0.0,1
448,449,2013,Hyderabad,2013-05-17,13,10,13,bat,normal,0,13,23,0,A Mishra,28,1.0,1.0,1
449,450,2013,Dharamsala,2013-05-18,5,8,8,field,normal,0,5,50,0,Azhar Mahmood,12,1.0,0.0,1
450,451,2013,Pune,2013-05-19,9,3,9,bat,normal,0,9,38,0,LJ Wright,37,1.0,1.0,1
451,452,2013,Bangalore,2013-05-18,12,0,0,field,normal,0,12,24,0,V Kohli,17,1.0,0.0,1
452,453,2013,Hyderabad,2013-05-19,7,13,7,bat,normal,0,13,0,5,PA Patel,28,0.0,1.0,1
453,454,2013,Delhi,2013-05-21,0,8,0,bat,normal,0,0,48,0,MEK Hussey,9,1.0,1.0,1
454,455,2013,Delhi,2013-05-22,13,10,13,bat,normal,0,10,0,4,BJ Hodge,9,0.0,1.0,1
455,456,2013,Kolkata,2013-05-24,10,8,10,bat,normal,0,8,0,4,Harbhajan Singh,8,0.0,1.0,1
456,457,2013,Kolkata,2013-05-26,8,0,8,bat,normal,0,8,23,0,KA Pollard,8,1.0,1.0,1
457,458,2014,Abu Dhabi,2014-04-16,7,8,7,bat,normal,0,7,41,0,JH Kallis,35,1.0,1.0,1
458,459,2014,Sharjah,2014-04-17,3,12,12,field,normal,0,12,0,8,YS Chahal,34,0.0,0.0,1
459,460,2014,Abu Dhabi,2014-04-18,0,5,0,bat,normal,0,5,0,6,GJ Maxwell,35,0.0,1.0,1
460,461,2014,Abu Dhabi,2014-04-18,13,10,10,field,normal,0,10,0,4,AM Rahane,35,0.0,0.0,1
461,462,2014,Dubai,2014-04-19,8,12,12,field,normal,0,12,0,7,PA Patel,7,0.0,0.0,1
462,463,2014,Dubai,2014-04-19,7,3,7,bat,normal,0,3,0,4,JP Duminy,7,0.0,1.0,1
463,464,2014,Sharjah,2014-04-20,10,5,5,field,normal,0,5,0,7,GJ Maxwell,34,0.0,0.0,1
464,465,2014,Abu Dhabi,2014-04-21,0,3,0,bat,normal,0,0,93,0,SK Raina,35,1.0,1.0,1
465,466,2014,Sharjah,2014-04-22,5,13,13,field,normal,0,5,72,0,GJ Maxwell,34,1.0,0.0,1
466,467,2014,Dubai,2014-04-23,0,10,10,field,normal,0,0,7,0,RA Jadeja,7,1.0,0.0,1
467,468,2014,Sharjah,2014-04-24,7,12,12,field,normal,0,7,2,0,CA Lynn,34,1.0,0.0,1
468,469,2014,Dubai,2014-04-25,13,3,13,bat,normal,0,13,4,0,AJ Finch,7,1.0,1.0,1
469,470,2014,Dubai,2014-04-25,8,0,8,bat,normal,0,0,0,7,MM Sharma,7,0.0,1.0,1
470,471,2014,Abu Dhabi,2014-04-26,12,10,10,field,normal,0,10,0,6,PV Tambe,35,0.0,0.0,1
471,472,2014,Abu Dhabi,2014-04-26,5,7,7,field,normal,0,5,23,0,Sandeep Sharma,35,1.0,0.0,1
472,473,2014,Sharjah,2014-04-27,8,3,8,bat,normal,0,3,0,6,M Vijay,34,0.0,1.0,1
473,474,2014,Sharjah,2014-04-27,13,0,13,bat,normal,0,0,0,5,DR Smith,34,0.0,1.0,1
474,475,2014,Dubai,2014-04-28,12,5,5,field,normal,0,5,0,5,Sandeep Sharma,7,0.0,0.0,1
475,476,2014,Abu Dhabi,2014-04-29,10,7,10,bat,tie,0,10,0,0,JP Faulkner,35,1.0,1.0,1
476,477,2014,Dubai,2014-04-30,13,8,8,field,normal,0,13,15,0,B Kumar,7,1.0,0.0,1
477,478,2014,Ranchi,2014-05-02,0,7,0,bat,normal,0,0,34,0,RA Jadeja,15,1.0,1.0,1
478,479,2014,Mumbai,2014-05-03,5,8,5,bat,normal,0,8,0,5,CJ Anderson,40,0.0,1.0,1
479,480,2014,Delhi,2014-05-03,3,10,10,field,normal,0,10,0,7,KK Nair,9,0.0,0.0,1
480,481,2014,Bangalore,2014-05-04,13,12,12,field,normal,0,12,0,4,AB de Villiers,17,0.0,0.0,1
481,482,2014,Ahmedabad,2014-05-05,10,7,7,field,normal,0,10,10,0,PV Tambe,30,1.0,0.0,1
482,483,2014,Delhi,2014-05-05,3,0,0,field,normal,0,0,0,8,DR Smith,9,0.0,0.0,1
483,484,2014,Mumbai,2014-05-06,8,12,12,field,normal,0,8,19,0,RG Sharma,40,1.0,0.0,1
484,485,2014,Delhi,2014-05-07,3,7,3,bat,normal,0,7,0,8,G Gambhir,9,0.0,1.0,1
485,486,2014,Cuttack,2014-05-07,5,0,0,field,normal,0,5,44,0,GJ Maxwell,1,1.0,0.0,1
486,487,2014,Ahmedabad,2014-05-08,13,10,10,field,normal,0,13,32,0,B Kumar,30,1.0,0.0,1
487,488,2014,Bangalore,2014-05-09,5,12,12,field,normal,0,5,32,0,Sandeep Sharma,17,1.0,0.0,1
488,489,2014,Delhi,2014-05-10,3,13,13,field,normal,1,13,0,8,DW Steyn,9,0.0,0.0,1
489,490,2014,Mumbai,2014-05-10,8,0,0,field,normal,0,0,0,4,DR Smith,40,0.0,0.0,1
490,491,2014,Cuttack,2014-05-11,5,7,7,field,normal,0,7,0,9,G Gambhir,1,0.0,0.0,1
491,492,2014,Bangalore,2014-05-11,12,10,12,bat,normal,0,10,0,5,JP Faulkner,17,0.0,1.0,1
492,493,2014,Hyderabad,2014-05-12,13,8,13,bat,normal,0,8,0,7,AT Rayudu,28,0.0,1.0,1
493,494,2014,Ranchi,2014-05-13,10,0,10,bat,normal,0,0,0,5,RA Jadeja,15,0.0,1.0,1
494,495,2014,Bangalore,2014-05-13,12,3,3,field,normal,0,12,16,0,Yuvraj Singh,17,1.0,0.0,1
495,496,2014,Hyderabad,2014-05-14,13,5,5,field,normal,0,5,0,6,WP Saha,28,0.0,0.0,1
496,497,2014,Cuttack,2014-05-14,8,7,7,field,normal,0,7,0,6,RV Uthappa,1,0.0,0.0,1
497,498,2014,Ahmedabad,2014-05-15,10,3,3,field,normal,0,10,62,0,AM Rahane,30,1.0,0.0,1
498,499,2014,Ranchi,2014-05-18,0,12,0,bat,normal,0,12,0,5,AB de Villiers,15,0.0,1.0,1
499,500,2014,Hyderabad,2014-05-18,13,7,13,bat,normal,0,7,0,7,UT Yadav,28,0.0,1.0,1
500,501,2014,Ahmedabad,2014-05-19,8,10,8,bat,normal,0,8,25,0,MEK Hussey,30,1.0,1.0,1
501,502,2014,Delhi,2014-05-19,3,5,5,field,normal,0,5,0,4,AR Patel,9,0.0,0.0,1
502,503,2014,Hyderabad,2014-05-20,12,13,12,bat,normal,0,13,0,7,DA Warner,28,0.0,1.0,1
503,504,2014,Kolkata,2014-05-20,0,7,7,field,normal,0,7,0,8,RV Uthappa,8,0.0,0.0,1
504,505,2014,Chandigarh,2014-05-21,5,8,8,field,normal,0,8,0,7,LMP Simmons,27,0.0,0.0,1
505,506,2014,Kolkata,2014-05-22,7,12,12,field,normal,0,7,30,0,RV Uthappa,8,1.0,0.0,1
506,507,2014,Ranchi,2014-05-22,0,13,13,field,normal,0,13,0,6,DA Warner,15,0.0,0.0,1
507,508,2014,Mumbai,2014-05-23,8,3,3,field,normal,0,8,15,0,MEK Hussey,40,1.0,0.0,1
508,509,2014,Chandigarh,2014-05-23,5,10,10,field,normal,0,5,16,0,SE Marsh,27,1.0,0.0,1
509,510,2014,Bangalore,2014-05-24,12,0,0,field,normal,0,0,0,8,MS Dhoni,17,0.0,0.0,1
510,511,2014,Kolkata,2014-05-24,13,7,7,field,normal,0,7,0,4,YK Pathan,8,0.0,0.0,1
511,512,2014,Chandigarh,2014-05-25,3,5,5,field,normal,0,5,0,7,M Vohra,27,0.0,0.0,1
512,513,2014,Mumbai,2014-05-25,10,8,8,field,normal,0,8,0,5,CJ Anderson,40,0.0,0.0,1
513,514,2014,Kolkata,2014-05-27,7,5,5,field,normal,0,7,28,0,UT Yadav,8,1.0,0.0,1
514,515,2014,Mumbai,2014-05-28,8,0,0,field,normal,0,0,0,7,SK Raina,2,0.0,0.0,1
515,516,2014,Mumbai,2014-05-30,5,0,0,field,normal,0,5,24,0,V Sehwag,40,1.0,0.0,1
516,517,2014,Bangalore,2014-06-01,5,7,7,field,normal,0,7,0,3,MK Pandey,17,0.0,0.0,1
517,518,2015,Kolkata,2015-04-08,8,7,7,field,normal,0,7,0,7,M Morkel,8,0.0,0.0,1
518,519,2015,Chennai,2015-04-09,0,3,3,field,normal,0,0,1,0,A Nehra,20,1.0,0.0,1
519,520,2015,Pune,2015-04-10,10,5,5,field,normal,0,10,26,0,JP Faulkner,21,1.0,0.0,1
520,521,2015,Chennai,2015-04-11,0,13,0,bat,normal,0,0,45,0,BB McCullum,20,1.0,1.0,1
521,522,2015,Kolkata,2015-04-11,7,12,12,field,normal,0,12,0,3,CH Gayle,8,0.0,0.0,1
522,523,2015,Delhi,2015-04-12,3,10,10,field,normal,0,10,0,3,DJ Hooda,9,0.0,0.0,1
523,524,2015,Mumbai,2015-04-12,5,8,8,field,normal,0,5,18,0,GJ Bailey,40,1.0,0.0,1
524,525,2015,Bangalore,2015-04-13,12,13,13,field,normal,0,13,0,8,DA Warner,17,0.0,0.0,1
525,526,2015,Ahmedabad,2015-04-14,8,10,8,bat,normal,0,10,0,7,SPD Smith,30,0.0,1.0,1
526,527,2015,Kolkata,2015-04-30,0,7,7,field,normal,0,7,0,7,AD Russell,8,0.0,0.0,1
527,528,2015,Pune,2015-04-15,5,3,5,bat,normal,0,3,0,5,MA Agarwal,21,0.0,1.0,1
528,529,2015,Visakhapatnam,2015-04-16,13,10,10,field,normal,0,10,0,6,AM Rahane,6,0.0,0.0,1
529,530,2015,Mumbai,2015-04-17,8,0,8,bat,normal,0,0,0,6,A Nehra,40,0.0,1.0,1
530,531,2015,Visakhapatnam,2015-04-18,3,13,3,bat,normal,0,3,4,0,JP Duminy,6,1.0,1.0,1
531,532,2015,Pune,2015-04-18,5,7,7,field,normal,0,7,0,4,AD Russell,21,0.0,0.0,1
532,533,2015,Ahmedabad,2015-04-19,0,10,0,bat,normal,0,10,0,8,AM Rahane,30,0.0,1.0,1
533,534,2015,Bangalore,2015-04-19,8,12,12,field,normal,0,8,18,0,Harbhajan Singh,17,1.0,0.0,1
534,535,2015,Delhi,2015-04-20,3,7,7,field,normal,0,7,0,6,UT Yadav,9,0.0,0.0,1
535,536,2015,Ahmedabad,2015-04-21,10,5,5,field,tie,0,5,0,0,SE Marsh,30,0.0,0.0,1
536,537,2015,Visakhapatnam,2015-04-22,13,7,7,field,normal,1,13,16,0,DA Warner,6,1.0,0.0,1
537,538,2015,Bangalore,2015-04-22,0,12,12,field,normal,0,0,27,0,SK Raina,17,1.0,0.0,1
538,539,2015,Delhi,2015-04-23,3,8,8,field,normal,0,3,37,0,SS Iyer,9,1.0,0.0,1
539,540,2015,Ahmedabad,2015-04-24,10,12,12,field,normal,0,12,0,9,MA Starc,30,0.0,0.0,1
540,541,2015,Mumbai,2015-04-25,8,13,8,bat,normal,0,8,20,0,SL Malinga,40,1.0,1.0,1
541,542,2015,Chennai,2015-04-25,0,5,0,bat,normal,0,0,97,0,BB McCullum,20,1.0,1.0,1
542,543,2015,Delhi,2015-04-26,3,12,12,field,normal,0,12,0,10,VR Aaron,9,0.0,0.0,1
543,544,2015,Chandigarh,2015-04-27,13,5,5,field,normal,0,13,20,0,TA Boult,27,1.0,0.0,1
544,545,2015,Kolkata,2015-05-07,7,3,7,bat,normal,0,7,13,0,PP Chawla,8,1.0,1.0,1
546,547,2015,Chennai,2015-04-28,0,7,7,field,normal,0,0,2,0,DJ Bravo,20,1.0,0.0,1
547,548,2015,Delhi,2015-05-01,5,3,3,field,normal,0,3,0,9,NM Coulter-Nile,9,0.0,0.0,1
548,549,2015,Mumbai,2015-05-01,8,10,10,field,normal,0,8,8,0,AT Rayudu,40,1.0,0.0,1
549,550,2015,Bangalore,2015-05-02,7,12,12,field,normal,0,12,0,7,Mandeep Singh,17,0.0,0.0,1
550,551,2015,Hyderabad,2015-05-02,13,0,0,field,normal,0,13,22,0,DA Warner,28,1.0,0.0,1
551,552,2015,Chandigarh,2015-05-03,8,5,8,bat,normal,0,8,23,0,LMP Simmons,27,1.0,1.0,1
552,553,2015,Mumbai,2015-05-03,10,3,3,field,normal,0,10,14,0,AM Rahane,2,1.0,0.0,1
553,554,2015,Chennai,2015-05-04,0,12,0,bat,normal,0,0,24,0,SK Raina,20,1.0,1.0,1
554,555,2015,Kolkata,2015-05-04,7,13,13,field,normal,0,7,35,0,UT Yadav,8,1.0,0.0,1
555,556,2015,Mumbai,2015-05-05,3,8,3,bat,normal,0,8,0,5,Harbhajan Singh,40,0.0,1.0,1
556,557,2015,Bangalore,2015-05-06,12,5,5,field,normal,0,12,138,0,CH Gayle,17,1.0,0.0,1
557,558,2015,Mumbai,2015-05-07,13,10,10,field,normal,0,13,7,0,EJG Morgan,2,1.0,0.0,1
558,559,2015,Chennai,2015-05-08,0,8,0,bat,normal,0,8,0,6,HH Pandya,20,0.0,1.0,1
559,560,2015,Kolkata,2015-05-09,5,7,5,bat,normal,0,7,0,1,AD Russell,8,0.0,1.0,1
560,561,2015,Raipur,2015-05-09,13,3,13,bat,normal,0,13,6,0,MC Henriques,33,1.0,1.0,1
561,562,2015,Mumbai,2015-05-10,12,8,12,bat,normal,0,12,39,0,AB de Villiers,40,1.0,1.0,1
562,563,2015,Chennai,2015-05-10,0,10,0,bat,normal,0,0,12,0,RA Jadeja,20,1.0,1.0,1
563,564,2015,Hyderabad,2015-05-11,13,5,13,bat,normal,0,13,5,0,DA Warner,28,1.0,1.0,1
564,565,2015,Raipur,2015-05-12,0,3,0,bat,normal,0,3,0,6,Z Khan,33,0.0,1.0,1
565,566,2015,Chandigarh,2015-05-13,5,12,12,field,normal,0,5,22,0,AR Patel,27,1.0,0.0,1
566,567,2015,Mumbai,2015-05-14,8,7,7,field,normal,0,8,5,0,HH Pandya,40,1.0,0.0,1
567,568,2015,Hyderabad,2015-05-15,13,12,13,bat,normal,1,12,0,6,V Kohli,28,0.0,1.0,1
568,569,2015,Chandigarh,2015-05-16,5,0,5,bat,normal,0,0,0,7,P Negi,27,0.0,1.0,1
569,570,2015,Mumbai,2015-05-16,10,7,10,bat,normal,0,10,9,0,SR Watson,2,1.0,1.0,1
571,572,2015,Hyderabad,2015-05-17,13,8,13,bat,normal,0,8,0,9,MJ McClenaghan,28,0.0,1.0,1
572,573,2015,Mumbai,2015-05-19,8,0,8,bat,normal,0,8,25,0,KA Pollard,40,1.0,1.0,1
573,574,2015,Pune,2015-05-20,12,10,12,bat,normal,0,12,71,0,AB de Villiers,21,1.0,1.0,1
574,575,2015,Ranchi,2015-05-22,12,0,0,field,normal,0,0,0,3,A Nehra,15,0.0,0.0,1
575,576,2015,Kolkata,2015-05-24,8,0,0,field,normal,0,8,41,0,RG Sharma,8,1.0,0.0,1
576,577,2016,Mumbai,2016-04-09,8,11,8,bat,normal,0,11,0,9,AM Rahane,40,0.0,1.0,1
577,578,2016,Kolkata,2016-04-10,3,7,7,field,normal,0,7,0,9,AD Russell,8,0.0,0.0,1
578,579,2016,Chandigarh,2016-04-11,5,4,4,field,normal,0,4,0,5,AJ Finch,26,0.0,0.0,1
579,580,2016,Bangalore,2016-04-12,12,13,13,field,normal,0,12,45,0,AB de Villiers,17,1.0,0.0,1
580,581,2016,Kolkata,2016-04-13,7,8,8,field,normal,0,8,0,6,RG Sharma,8,0.0,0.0,1
581,582,2016,Rajkot,2016-04-14,11,4,11,bat,normal,0,4,0,7,AJ Finch,31,0.0,1.0,1
582,583,2016,Delhi,2016-04-15,5,3,3,field,normal,0,3,0,8,A Mishra,9,0.0,0.0,1
583,584,2016,Hyderabad,2016-04-16,13,7,13,bat,normal,0,7,0,8,G Gambhir,28,0.0,1.0,1
584,585,2016,Mumbai,2016-04-16,8,4,4,field,normal,0,4,0,3,AJ Finch,40,0.0,0.0,1
585,586,2016,Chandigarh,2016-04-17,11,5,11,bat,normal,0,5,0,6,M Vohra,26,0.0,1.0,1
586,587,2016,Bangalore,2016-04-17,12,3,3,field,normal,0,3,0,7,Q de Kock,17,0.0,0.0,1
587,588,2016,Hyderabad,2016-04-18,8,13,13,field,normal,0,13,0,7,DA Warner,28,0.0,0.0,1
588,589,2016,Chandigarh,2016-04-19,5,7,7,field,normal,0,7,0,6,RV Uthappa,26,0.0,0.0,1
589,590,2016,Mumbai,2016-04-20,12,8,8,field,normal,0,8,0,6,RG Sharma,40,0.0,0.0,1
590,591,2016,Rajkot,2016-04-21,4,13,13,field,normal,0,13,0,10,B Kumar,31,0.0,0.0,1
591,592,2016,Pune,2016-04-22,12,11,11,field,normal,0,12,13,0,AB de Villiers,21,1.0,0.0,1
592,593,2016,Delhi,2016-04-23,3,8,8,field,normal,0,3,10,0,SV Samson,9,1.0,0.0,1
593,594,2016,Hyderabad,2016-04-23,5,13,13,field,normal,0,13,0,5,Mustafizur Rahman,28,0.0,0.0,1
594,595,2016,Rajkot,2016-04-24,12,4,12,bat,normal,0,4,0,6,V Kohli,31,0.0,1.0,1
595,596,2016,Pune,2016-04-24,11,7,7,field,normal,0,7,0,2,SA Yadav,21,0.0,0.0,1
596,597,2016,Chandigarh,2016-04-25,8,5,5,field,normal,0,8,25,0,PA Patel,26,1.0,0.0,1
597,598,2016,Hyderabad,2016-04-26,13,11,11,field,normal,1,11,34,0,AB Dinda,28,0.0,0.0,1
598,599,2016,Delhi,2016-04-27,4,3,3,field,normal,0,4,1,0,CH Morris,9,1.0,0.0,1
599,600,2016,Mumbai,2016-04-28,7,8,8,field,normal,0,8,0,6,RG Sharma,40,0.0,0.0,1
600,601,2016,Pune,2016-04-29,11,4,4,field,normal,0,4,0,3,DR Smith,21,0.0,0.0,1
601,602,2016,Delhi,2016-04-30,3,7,7,field,normal,0,3,27,0,CR Brathwaite,9,1.0,0.0,1
602,603,2016,Hyderabad,2016-04-30,13,12,12,field,normal,0,13,15,0,DA Warner,28,1.0,0.0,1
603,604,2016,Rajkot,2016-05-01,5,4,4,field,normal,0,5,23,0,AR Patel,31,1.0,0.0,1
604,605,2016,Pune,2016-05-01,11,8,8,field,normal,0,8,0,8,RG Sharma,21,0.0,0.0,1
605,606,2016,Bangalore,2016-05-02,12,7,7,field,normal,0,7,0,5,AD Russell,17,0.0,0.0,1
606,607,2016,Rajkot,2016-05-03,4,3,3,field,normal,0,3,0,8,RR Pant,31,0.0,0.0,1
607,608,2016,Kolkata,2016-05-04,7,5,5,field,normal,0,7,7,0,AD Russell,8,1.0,0.0,1
608,609,2016,Delhi,2016-05-05,3,11,11,field,normal,0,11,0,7,AM Rahane,9,0.0,0.0,1
609,610,2016,Hyderabad,2016-05-06,4,13,13,field,normal,0,13,0,5,B Kumar,28,0.0,0.0,1
610,611,2016,Bangalore,2016-05-07,11,12,12,field,normal,0,12,0,7,V Kohli,17,0.0,0.0,1
611,612,2016,Chandigarh,2016-05-07,5,3,3,field,normal,0,5,9,0,MP Stoinis,26,1.0,0.0,1
612,613,2016,Visakhapatnam,2016-05-08,13,8,8,field,normal,0,13,85,0,A Nehra,6,1.0,0.0,1
613,614,2016,Kolkata,2016-05-08,7,4,4,field,normal,0,4,0,5,P Kumar,8,0.0,0.0,1
614,615,2016,Chandigarh,2016-05-09,12,5,5,field,normal,0,12,1,0,SR Watson,26,1.0,0.0,1
615,616,2016,Visakhapatnam,2016-05-10,13,11,13,bat,normal,0,13,4,0,A Zampa,6,1.0,1.0,1
616,617,2016,Bangalore,2016-05-11,12,8,8,field,normal,0,8,0,6,KH Pandya,17,0.0,0.0,1
617,618,2016,Hyderabad,2016-05-12,13,3,3,field,normal,0,3,0,7,CH Morris,28,0.0,0.0,1
618,619,2016,Visakhapatnam,2016-05-13,8,5,8,bat,normal,0,5,0,7,MP Stoinis,6,0.0,1.0,1
619,620,2016,Bangalore,2016-05-14,12,4,4,field,normal,0,12,144,0,AB de Villiers,17,1.0,0.0,1
620,621,2016,Kolkata,2016-05-14,11,7,11,bat,normal,1,7,0,8,YK Pathan,8,0.0,1.0,1
621,622,2016,Chandigarh,2016-05-15,5,13,5,bat,normal,0,13,0,7,HM Amla,26,0.0,1.0,1
622,623,2016,Visakhapatnam,2016-05-15,8,3,3,field,normal,0,8,80,0,KH Pandya,6,1.0,0.0,1
623,624,2016,Kolkata,2016-05-16,7,12,12,field,normal,0,12,0,9,V Kohli,8,0.0,0.0,1
624,625,2016,Visakhapatnam,2016-05-17,3,11,11,field,normal,1,11,19,0,AB Dinda,6,0.0,0.0,1
625,626,2016,Bangalore,2016-05-18,12,5,5,field,normal,1,12,82,0,V Kohli,17,1.0,0.0,1
626,627,2016,Kanpur,2016-05-19,7,4,4,field,normal,0,4,0,6,DR Smith,11,0.0,0.0,1
627,628,2016,Raipur,2016-05-20,13,3,3,field,normal,0,3,0,6,KK Nair,33,0.0,0.0,1
628,629,2016,Visakhapatnam,2016-05-21,5,11,5,bat,normal,0,11,0,4,MS Dhoni,6,0.0,1.0,1
629,630,2016,Kanpur,2016-05-21,8,4,4,field,normal,0,4,0,6,SK Raina,11,0.0,0.0,1
630,631,2016,Kolkata,2016-05-22,7,13,13,field,normal,0,7,22,0,YK Pathan,8,1.0,0.0,1
631,632,2016,Raipur,2016-05-22,3,12,12,field,normal,0,12,0,6,V Kohli,33,0.0,0.0,1
632,633,2016,Bangalore,2016-05-24,4,12,12,field,normal,0,12,0,4,AB de Villiers,17,0.0,0.0,1
633,634,2016,Delhi,2016-05-25,13,7,7,field,normal,0,13,22,0,MC Henriques,9,1.0,0.0,1
634,635,2016,Delhi,2016-05-27,4,13,13,field,normal,0,13,0,4,DA Warner,9,0.0,0.0,1
635,636,2016,Bangalore,2016-05-29,13,12,13,bat,normal,0,13,8,0,BCJ Cutting,17,1.0,1.0,1
636,7894,2018,Mumbai,07/04/18,8,0,0,field,normal,0,0,0,1,DJ Bravo,40,0.0,0.0,1
637,7895,2018,Mohali,08/04/18,3,5,5,field,normal,0,5,0,6,KL Rahul,26,0.0,0.0,1
638,7896,2018,Kolkata,08/04/18,12,7,7,field,normal,0,7,0,4,SP Narine,8,0.0,0.0,1
639,7897,2018,Hyderabad,09/04/18,10,13,13,field,normal,0,13,0,9,S Dhawan,28,0.0,0.0,1
640,7898,2018,Chennai,10/04/18,7,0,0,field,normal,0,0,0,5,SW Billings,20,0.0,0.0,1
641,7899,2018,Jaipur,11/04/18,10,3,3,field,normal,1,10,10,0,SV Samson,32,1.0,0.0,1
642,7900,2018,Hyderabad,12/04/18,8,13,13,field,normal,0,13,0,1,Rashid Khan,28,0.0,0.0,1
643,7901,2018,Bengaluru,13/04/18,5,12,12,field,normal,0,12,0,4,UT Yadav,17,0.0,0.0,1
644,7902,2018,Mumbai,14/04/18,8,3,3,field,normal,0,3,0,7,JJ Roy,40,0.0,0.0,1
645,7903,2018,Kolkata,14/04/18,7,13,13,field,normal,0,13,0,5,B Stanlake,8,0.0,0.0,1
646,7904,2018,Bengaluru,15/04/18,10,12,12,field,normal,0,10,19,0,SV Samson,17,1.0,0.0,1
647,7905,2018,Mohali,15/04/18,5,0,0,field,normal,0,5,4,0,CH Gayle,26,1.0,0.0,1
648,7906,2018,Kolkata,16/04/18,7,3,3,field,normal,0,7,71,0,N Rana,8,1.0,0.0,1
649,7907,2018,Mumbai,17/04/18,8,12,12,field,normal,0,8,46,0,RG Sharma,40,1.0,0.0,1
650,7908,2018,Jaipur,18/04/18,10,7,7,field,normal,0,7,0,7,N Rana,32,0.0,0.0,1
651,7909,2018,Mohali,19/04/18,5,13,5,bat,normal,0,5,15,0,CH Gayle,26,1.0,1.0,1
652,7910,2018,Pune,20/04/18,0,10,10,field,normal,0,0,64,0,SR Watson,21,1.0,0.0,1
653,7911,2018,Kolkata,21/04/18,7,5,5,field,normal,1,5,0,9,KL Rahul,8,0.0,0.0,1
654,7912,2018,Bengaluru,21/04/18,3,12,12,field,normal,0,12,0,6,AB de Villiers,17,0.0,0.0,1
655,7913,2018,Hyderabad,22/04/18,0,13,13,field,normal,0,0,4,0,AT Rayudu,28,1.0,0.0,1
656,7914,2018,Jaipur,22/04/18,8,10,8,bat,normal,0,10,0,3,J Archer,32,0.0,1.0,1
657,7915,2018,Delhi,23/04/18,5,3,3,field,normal,0,5,4,0,AS Rajpoot,9,1.0,0.0,1
658,7916,2018,Mumbai,24/04/18,13,8,8,field,normal,0,13,31,0,Rashid Khan,40,1.0,0.0,1
659,7917,2018,Bengaluru,25/04/18,12,0,0,field,normal,0,0,0,5,MS Dhoni,17,0.0,0.0,1
660,7918,2018,Hyderabad,26/04/18,13,5,5,field,normal,0,13,13,0,AS Rajpoot,28,1.0,0.0,1
661,7919,2018,Delhi,27/04/18,3,7,7,field,normal,0,3,55,0,SS Iyer,9,1.0,0.0,1
662,7920,2018,Pune,28/04/18,0,8,8,field,normal,0,8,0,8,RG Sharma,21,0.0,0.0,1
663,7921,2018,Jaipur,29/04/18,13,10,13,bat,normal,0,13,11,0,KS Williamson,32,1.0,1.0,1
664,7922,2018,Bengaluru,29/04/18,12,7,7,field,normal,0,7,0,6,CA Lynn,17,0.0,0.0,1
665,7923,2018,Pune,30/04/18,0,3,3,field,normal,0,0,13,0,SR Watson,21,1.0,0.0,1
666,7924,2018,Bengaluru,01/05/18,12,8,8,field,normal,0,12,14,0,TG Southee,17,1.0,0.0,1
667,7925,2018,Delhi,02/05/18,3,10,10,field,normal,1,3,4,0,RR Pant,9,1.0,0.0,1
668,7926,2018,Kolkata,03/05/18,0,7,7,field,normal,0,7,0,6,SP Narine,8,0.0,0.0,1
669,7927,2018,Indore,04/05/18,5,8,8,field,normal,0,8,0,6,AS Yadav,13,0.0,0.0,1
670,7928,2018,Pune,05/05/18,12,0,0,field,normal,0,0,0,6,RA Jadeja,21,0.0,0.0,1
671,7929,2018,Hyderabad,05/05/18,3,13,3,bat,normal,0,13,0,7,Rashid Khan,28,0.0,1.0,1
672,7930,2018,Mumbai,06/05/18,8,7,7,field,normal,0,8,13,0,HH Pandya,40,1.0,0.0,1
673,7931,2018,Indore,06/05/18,10,5,5,field,normal,0,5,0,6,M Ur Rahman,13,0.0,0.0,1
674,7932,2018,Hyderabad,07/05/18,13,12,12,field,normal,0,13,5,0,KS Williamson,28,1.0,0.0,1
675,7933,2018,Jaipur,08/05/18,10,5,10,bat,normal,0,10,15,0,JC Buttler,32,1.0,1.0,1
676,7934,2018,Kolkata,09/05/18,8,7,7,field,normal,0,8,102,0,Ishan Kishan,8,1.0,0.0,1
677,7935,2018,Delhi,10/05/18,3,13,3,bat,normal,0,13,0,9,S Dhawan,9,0.0,1.0,1
678,7936,2018,Jaipur,11/05/18,0,10,0,bat,normal,0,10,0,4,JC Buttler,32,0.0,1.0,1
679,7937,2018,Indore,12/05/18,7,5,5,field,normal,0,7,31,0,SP Narine,13,1.0,0.0,1
680,7938,2018,Delhi,12/05/18,3,12,12,field,normal,0,12,0,5,AB de Villiers,9,0.0,0.0,1
681,7939,2018,Pune,13/05/18,13,0,0,field,normal,0,0,0,8,AT Rayudu,21,0.0,0.0,1
682,7940,2018,Mumbai,13/05/18,8,10,10,field,normal,0,10,0,7,JC Buttler,40,0.0,0.0,1
683,7941,2018,Indore,14/05/18,5,12,12,field,normal,0,12,0,10,UT Yadav,13,0.0,0.0,1
684,7942,2018,Kolkata,15/05/18,10,7,7,field,normal,0,7,0,6,Kuldeep Yadav,8,0.0,0.0,1
685,7943,2018,Mumbai,16/05/18,8,5,5,field,normal,0,8,3,0,JJ Bumrah,40,1.0,0.0,1
686,7944,2018,Bengaluru,17/05/18,12,13,13,field,normal,0,12,14,0,AB de Villiers,17,1.0,0.0,1
687,7945,2018,Delhi,18/05/18,3,0,0,field,normal,0,3,34,0,HV Patel,9,1.0,0.0,1
688,7946,2018,Jaipur,19/05/18,10,12,10,bat,normal,0,10,30,0,S Gopal,32,1.0,1.0,1
689,7947,2018,Hyderabad,19/05/18,13,7,13,bat,normal,0,7,0,5,CA Lynn,28,0.0,1.0,1
690,7948,2018,Delhi,20/05/18,3,8,3,bat,normal,0,3,11,0,A Mishra,9,1.0,1.0,1
691,7949,2018,Pune,20/05/18,5,0,0,field,normal,0,0,0,5,L Ngidi,21,0.0,0.0,1
692,7950,2018,Mumbai,22/05/18,13,0,0,field,normal,0,0,0,2,F du Plessis,40,0.0,0.0,1
693,7951,2018,Kolkata,23/05/18,7,10,10,field,normal,0,7,25,0,AD Russell,8,1.0,0.0,1
694,7952,2018,Kolkata,25/05/18,13,7,7,field,normal,0,13,14,0,Rashid Khan,8,1.0,0.0,1
695,7953,2018,Mumbai,27/05/18,13,0,0,field,normal,0,0,0,8,SR Watson,40,0.0,0.0,1
696,11137,2019,Chennai,23/03/19,12,0,0,field,normal,0,0,0,7,Harbhajan Singh,18,0.0,0.0,1
697,11138,2019,Kolkata,24/03/19,13,7,7,field,normal,0,7,0,6,AD Russell,8,0.0,0.0,1
698,11139,2019,Mumbai,24/03/19,2,8,8,field,normal,0,2,37,0,RR Pant,40,1.0,0.0,1
699,11140,2019,Jaipur,25/03/19,5,10,10,field,normal,0,5,14,0,CH Gayle,32,1.0,0.0,1
700,11141,2019,Delhi,26/03/19,2,0,2,bat,normal,0,0,0,6,SR Watson,10,0.0,1.0,1
701,11142,2019,Kolkata,27/03/19,7,5,5,field,normal,0,7,28,0,AD Russell,8,1.0,0.0,1
702,11143,2019,Bengaluru,28/03/19,8,12,12,field,normal,0,8,6,0,JJ Bumrah,19,1.0,0.0,1
703,11144,2019,Hyderabad,29/03/19,10,13,10,bat,normal,0,13,0,5,Rashid Khan,29,0.0,1.0,1
704,11145,2019,Mohali,30/03/19,8,5,5,field,normal,0,5,0,8,MA Agarwal,14,0.0,0.0,1
705,11146,2019,Delhi,30/03/19,7,2,2,field,tie,0,2,0,0,P Shaw,10,0.0,0.0,1
706,11147,2019,Hyderabad,31/03/19,13,12,12,field,normal,0,13,118,0,J Bairstow,29,1.0,0.0,1
707,11148,2019,Chennai,31/03/19,0,10,10,field,normal,0,0,8,0,MS Dhoni,18,1.0,0.0,1
708,11149,2019,Mohali,01/04/19,5,2,2,field,normal,0,5,14,0,S Curran,14,1.0,0.0,1
709,11150,2019,Jaipur,02/04/19,12,10,10,field,normal,0,10,0,7,S Gopal,32,0.0,0.0,1
710,11151,2019,Mumbai,03/04/19,8,0,0,field,normal,0,8,37,0,HH Pandya,40,1.0,0.0,1
711,11152,2019,Delhi,04/04/19,2,13,13,field,normal,0,13,0,5,J Bairstow,10,0.0,0.0,1
712,11153,2019,Bengaluru,05/04/19,12,7,7,field,normal,0,7,0,5,AD Russell,19,0.0,0.0,1
713,11309,2019,Chennai,06/04/19,0,5,0,bat,normal,0,0,22,0,Harbhajan Singh,18,1.0,1.0,1
714,11310,2019,Hyderabad,06/04/19,8,13,13,field,normal,0,8,40,0,A Joseph,29,1.0,0.0,1
715,11311,2019,Bengaluru,07/04/19,12,2,2,field,normal,0,2,0,4,K Rabada,19,0.0,0.0,1
716,11312,2019,Jaipur,07/04/19,10,7,7,field,normal,0,7,0,8,H Gurney,32,0.0,0.0,1
717,11313,2019,Mohali,08/04/19,13,5,5,field,normal,0,5,0,6,KL Rahul,14,0.0,0.0,1
718,11314,2019,Chennai,09/04/19,7,0,0,field,normal,0,0,0,7,DL Chahar,18,0.0,0.0,1
719,11315,2019,Mumbai,10/04/19,5,8,8,field,normal,0,8,0,3,KA Pollard,40,0.0,0.0,1
720,11316,2019,Jaipur,11/04/19,10,0,0,field,normal,0,0,0,4,MS Dhoni,32,0.0,0.0,1
721,11317,2019,Kolkata,12/04/19,7,2,2,field,normal,0,2,0,7,S Dhawan,8,0.0,0.0,1
722,11318,2019,Mumbai,13/04/19,8,10,10,field,normal,0,10,0,4,JC Buttler,40,0.0,0.0,1
723,11319,2019,Mohali,13/04/19,5,12,12,field,normal,0,12,0,8,AB de Villiers,14,0.0,0.0,1
724,11320,2019,Kolkata,14/04/19,7,0,0,field,normal,0,0,0,5,Imran Tahir,8,0.0,0.0,1
725,11321,2019,Hyderabad,14/04/19,2,13,13,field,normal,0,2,39,0,K Paul,29,1.0,0.0,1
726,11322,2019,Mumbai,15/04/19,12,8,8,field,normal,0,8,0,5,SL Malinga,40,0.0,0.0,1
727,11323,2019,Mohali,16/04/19,5,10,10,field,normal,0,5,12,0,R Ashwin,14,1.0,0.0,1
728,11324,2019,Hyderabad,17/04/19,0,13,0,bat,normal,0,13,0,6,DA Warner,29,0.0,1.0,1
729,11325,2019,Delhi,18/04/19,8,2,8,bat,normal,0,8,40,0,HH Pandya,10,1.0,1.0,1
730,11326,2019,Kolkata,19/04/19,12,7,7,field,normal,0,12,10,0,V Kohli,8,1.0,0.0,1
731,11327,2019,Jaipur,20/04/19,8,10,10,field,normal,0,10,0,5,SPD Smith,32,0.0,0.0,1
732,11328,2019,Delhi,20/04/19,5,2,2,field,normal,0,2,0,5,SS Iyer,10,0.0,0.0,1
733,11329,2019,Hyderabad,21/04/19,7,13,13,field,normal,0,13,0,9,K Ahmed,29,0.0,0.0,1
734,11330,2019,Bengaluru,21/04/19,12,0,0,field,normal,0,12,1,0,PA Patel,19,1.0,0.0,1
735,11331,2019,Jaipur,22/04/19,10,2,2,field,normal,0,2,0,6,RR Pant,32,0.0,0.0,1
736,11332,2019,Chennai,23/04/19,13,0,0,field,normal,0,0,0,6,SR Watson,18,0.0,0.0,1
737,11333,2019,Bengaluru,24/04/19,12,5,5,field,normal,0,12,17,0,AB de Villiers,19,1.0,0.0,1
738,11334,2019,Kolkata,25/04/19,7,10,10,field,normal,0,10,0,3,VR Aaron,8,0.0,0.0,1
739,11335,2019,Chennai,26/04/19,8,0,0,field,normal,0,8,46,0,RG Sharma,18,1.0,0.0,1
740,11336,2019,Jaipur,27/04/19,13,10,10,field,normal,0,10,0,7,JD Unadkat,32,0.0,0.0,1
741,11337,2019,Delhi,28/04/19,2,12,2,bat,normal,0,2,16,0,S Dhawan,10,1.0,1.0,1
742,11338,2019,Kolkata,28/04/19,7,8,8,field,normal,0,7,34,0,AD Russell,8,1.0,0.0,1
743,11339,2019,Hyderabad,29/04/19,13,5,5,field,normal,0,13,45,0,DA Warner,29,1.0,0.0,1
745,11341,2019,Chennai,01/05/19,0,2,2,field,normal,0,0,80,0,MS Dhoni,18,1.0,0.0,1
746,11342,2019,Mumbai,02/05/19,8,13,8,bat,tie,0,8,0,0,JJ Bumrah,40,1.0,1.0,1
747,11343,2019,Mohali,03/05/19,5,7,7,field,normal,0,7,0,7,S Gill,14,0.0,0.0,1
748,11344,2019,Delhi,04/05/19,10,2,10,bat,normal,0,2,0,5,A Mishra,10,0.0,1.0,1
749,11345,2019,Bengaluru,04/05/19,13,12,12,field,normal,0,12,0,4,S Hetmyer,19,0.0,0.0,1
750,11346,2019,Mohali,05/05/19,0,5,5,field,normal,0,5,0,6,KL Rahul,14,0.0,0.0,1
751,11347,2019,Mumbai,05/05/19,7,8,8,field,normal,0,8,0,9,HH Pandya,40,0.0,0.0,1
752,11412,2019,Chennai,07/05/19,0,8,0,bat,normal,0,8,0,6,AS Yadav,18,0.0,1.0,1
753,11413,2019,Visakhapatnam,08/05/19,13,2,2,field,normal,0,2,0,2,RR Pant,0,0.0,0.0,1
754,11414,2019,Visakhapatnam,10/05/19,2,0,0,field,normal,0,0,0,6,F du Plessis,0,0.0,0.0,1
755,11415,2019,Hyderabad,12/05/19,8,0,8,bat,normal,0,8,1,0,JJ Bumrah,29,1.0,1.0,1
